Time,timeRelative,stream/cpu,influxdb/cpu,neo4j/cpu,ros2/cpu,influxdb/received,neo4j/received,influxdb/transmitted,neo4j/transmitted
2025-06-28 16:53:00,0,0.00074,0.00335,0.00724,0,644,829,9793,10398
2025-06-28 16:53:01,1,0.00281,0.00342,0.00749,0.0274,665,886,10049,11573
2025-06-28 16:53:02,2,0.00276,0.00355,0.00726,0.0653,1411,1446,10180,11314
2025-06-28 16:53:03,3,0.00661,0.0042,0.00726,0.099,2005,1446,10435,11314
2025-06-28 16:53:04,4,0.00771,0.00454,0.0169,0.132,2256,6433,10868,13473
2025-06-28 16:53:05,5,0.00976,0.00466,0.016,0.165,2393,6468,10959,13027
2025-06-28 16:53:06,6,0.011,0.00476,0.0212,0.198,2576,6939,10488,13114
2025-06-28 16:53:07,7,0.0131,0.00503,0.0221,0.231,2848,7382,10518,14046
2025-06-28 16:53:08,8,0.0151,0.00503,0.0216,0.263,2848,7433,10518,13565
2025-06-28 16:53:09,9,0.0164,0.00546,0.0221,0.296,3242,7982,11127,13927
2025-06-28 16:53:10,10,0.0191,0.00564,0.0221,0.33,3478,7982,11390,13927
2025-06-28 16:53:11,11,0.0197,0.00581,0.0218,0.362,3858,8211,11162,13821
2025-06-28 16:53:12,12,0.0224,0.00581,0.0196,0.396,3858,8276,11162,3811
2025-06-28 16:53:13,13,0.023,0.00601,0.0218,0.429,3954,9346,11461,4290
2025-06-28 16:53:14,14,0.0252,0.00638,0.0198,0.461,4409,8751,11767,4063
2025-06-28 16:53:15,15,0.0261,0.00632,0.0223,0.495,3785,9449,10833,4649
2025-06-28 16:53:16,16,0.0277,0.00677,0.0204,0.495,4056,8810,11607,4399
2025-06-28 16:53:17,17,0.0257,0.00625,0.0119,0.495,3667,4766,11689,2589
2025-06-28 16:53:18,18,0.0279,0.00607,0.0116,0.494,3678,4729,10959,2585
2025-06-28 16:53:19,19,0.0264,0.00572,0.0124,0.494,3389,4877,10720,2700
2025-06-28 16:53:20,20,0.0271,0.00625,0.00906,0.494,3576,5101,12053,12975
2025-06-28 16:53:21,21,0.0264,0.00574,0.0095,0.496,3313,5270,11107,14334
2025-06-28 16:53:22,22,0.0264,0.00618,0.00906,0.496,3549,5023,11861,12933
2025-06-28 16:53:23,23,0.0264,0.00601,0.00908,0.496,3511,5130,11504,12980
2025-06-28 16:53:24,24,0.0264,0.00567,0.00952,0.494,3336,5290,10851,14388
2025-06-28 16:53:25,25,0.0279,0.00607,0.00901,0.496,3464,4993,11632,12857
2025-06-28 16:53:26,26,0.0257,0.00629,0.00902,0.495,3799,4919,11429,13941
2025-06-28 16:53:27,27,0.0271,0.00629,0.00843,0.496,3799,4586,11429,13008
2025-06-28 16:53:28,28,0.0264,0.00614,0.00898,0.496,3490,4972,11527,12810
2025-06-28 16:53:29,29,0.0264,0.00619,0.00865,0.494,3611,4728,12151,13495
2025-06-28 16:53:30,30,0.0271,0.00626,0.00872,0.496,3596,4863,11992,12829
2025-06-28 16:53:31,31,0.0271,0.00625,0.00871,0.495,3546,4774,11952,12830
2025-06-28 16:53:32,32,0.0264,0.00627,0.00895,0.497,3561,5051,12125,12773
2025-06-28 16:53:33,33,0.0271,0.0061,0.00661,0.498,3651,4349,11480,2383
2025-06-28 16:53:34,34,0.0257,0.00599,0.00701,0.496,3547,4548,11258,2511
2025-06-28 16:53:35,35,0.0279,0.00596,0.00704,0.495,3502,4656,11201,2517
2025-06-28 16:53:36,36,0.0271,0.00606,0.00704,0.494,3556,4656,11287,2517
2025-06-28 16:53:37,37,0.0271,0.00621,0.00687,0.494,3623,4411,11288,2435
2025-06-28 16:53:38,38,0.0264,0.00623,0.00708,0.496,3683,4629,11237,2536
2025-06-28 16:53:39,39,0.0264,0.00617,0.00712,0.495,3615,4701,11493,2559
2025-06-28 16:53:40,40,0.0279,0.00604,0.00985,0.494,3419,5136,11620,13327
2025-06-28 16:53:41,41,0.0279,0.00619,0.00985,0.493,3555,5136,11683,13327
2025-06-28 16:53:42,42,0.0271,0.00619,0.00937,0.495,3555,4865,11683,12872
2025-06-28 16:53:43,43,0.0279,0.00605,0.00995,0.495,3508,5038,11336,14427
2025-06-28 16:53:44,44,0.0264,0.00734,0.00973,0.494,3377,5049,10630,13046
2025-06-28 16:53:45,45,0.0279,0.00793,0.00936,0.496,3647,4817,11482,13075
2025-06-28 16:53:46,46,0.0271,0.00788,0.00973,0.494,3488,4981,11272,13435
2025-06-28 16:53:47,47,0.0257,0.00777,0.00969,0.496,3621,4958,11182,13450
2025-06-28 16:53:48,48,0.0279,0.00806,0.00959,0.496,3731,5096,11393,12426
2025-06-28 16:53:49,49,0.0257,0.00801,0.00972,0.496,3569,5117,11535,12623
2025-06-28 16:53:50,50,0.0279,0.00801,0.0101,0.495,3569,5222,11535,14165
2025-06-28 16:53:51,51,0.0271,0.00804,0.00973,0.496,3621,5206,12031,12694
2025-06-28 16:53:52,52,0.0279,0.00815,0.0101,0.495,3673,5212,11963,14221
2025-06-28 16:53:53,53,0.0264,0.00815,0.00959,0.497,3673,4970,11963,12835
2025-06-28 16:53:54,54,0.0271,0.00794,0.00692,0.498,3635,4557,11456,2464
2025-06-28 16:53:55,55,0.0271,0.00795,0.00745,0.498,3685,4884,11800,2704
2025-06-28 16:53:56,56,0.0271,0.00803,0.00745,0.498,3686,4884,11705,2704
2025-06-28 16:53:57,57,0.0264,0.00803,0.00704,0.499,3686,4651,11705,2512
2025-06-28 16:53:58,58,0.0271,0.00608,0.00705,0.499,3475,4621,11219,2515
2025-06-28 16:53:59,59,0.0257,0.00631,0.00694,0.499,3733,4509,11853,2468
2025-06-28 16:54:00,60,0.0257,0.00631,0.00714,0.499,3733,4727,11853,2571
2025-06-28 16:54:01,61,0.0286,0.00614,0.00843,0.496,3494,4995,11719,12866
2025-06-28 16:54:02,62,0.0271,0.00606,0.0087,0.499,3621,4859,11389,12876
2025-06-28 16:54:03,63,0.0271,0.00625,0.00905,0.498,3679,5106,11777,13035
2025-06-28 16:54:04,64,0.0257,0.00619,0.00861,0.5,3610,4718,11651,13512
2025-06-28 16:54:05,65,0.0279,0.00598,0.00874,0.5,3537,4865,11229,12892
2025-06-28 16:54:06,66,0.0257,0.00605,0.00914,0.501,3627,5097,11063,14310
2025-06-28 16:54:07,67,0.0271,0.0059,0.00903,0.499,3483,5106,10772,12969
2025-06-28 16:54:08,68,0.0257,0.00616,0.00853,0.499,3570,4719,11459,12812
2025-06-28 16:54:09,69,0.0264,0.00597,0.0089,0.5,3571,5001,11096,13252
2025-06-28 16:54:10,70,0.0271,0.00622,0.00917,0.499,3606,5080,11603,13793
2025-06-28 16:54:11,71,0.0271,0.00641,0.0091,0.497,3746,5183,11953,12590
2025-06-28 16:54:12,72,0.0271,0.00622,0.00925,0.5,3755,5256,11317,13356
2025-06-28 16:54:13,73,0.0286,0.00608,0.00907,0.499,3642,5014,10966,13037
2025-06-28 16:54:14,74,0.0279,0.00629,0.00907,0.5,3673,5014,11718,13037
2025-06-28 16:54:15,75,0.0264,0.00621,0.00771,0.5,3689,4788,11585,2641
2025-06-28 16:54:16,76,0.0271,0.00627,0.00724,0.499,3670,4695,11318,2604
2025-06-28 16:54:17,77,0.0279,0.00607,0.00693,0.499,3609,4495,10866,2465
2025-06-28 16:54:18,78,0.0271,0.00635,0.00729,0.499,3668,4775,11700,2633
2025-06-28 16:54:19,79,0.0264,0.00626,0.00742,0.499,3588,4838,11542,2694
2025-06-28 16:54:20,80,0.0271,0.00609,0.00732,0.499,3499,4794,11523,2640
2025-06-28 16:54:21,81,0.0279,0.00619,0.00722,0.5,3654,4777,11512,2600
2025-06-28 16:54:22,82,0.0279,0.00627,0.00714,0.499,3722,4649,11500,2564
2025-06-28 16:54:23,83,0.0264,0.00616,0.00731,0.5,3690,4770,11251,2610
2025-06-28 16:54:24,84,0.0271,0.00592,0.00743,0.499,3612,4889,10733,2658
2025-06-28 16:54:25,85,0.0271,0.00578,0.00717,0.5,3287,4628,11153,2552
2025-06-28 16:54:26,86,0.0271,0.00619,0.00603,0.499,3458,3946,11784,2148
2025-06-28 16:54:27,87,0.0257,0.00608,0.00713,0.499,3629,4703,10924,2545
2025-06-28 16:54:28,88,0.0264,0.00608,0.00732,0.499,3629,4733,10924,2621
2025-06-28 16:54:29,89,0.0271,0.00618,0.00732,0.499,3506,4733,11413,2621
2025-06-28 16:54:30,90,0.0271,0.00615,0.0073,0.5,3538,4806,11749,2611
2025-06-28 16:54:31,91,0.0271,0.00572,0.00709,0.499,3328,4565,10653,2515
2025-06-28 16:54:32,92,0.0271,0.00613,0.00709,0.499,3519,4565,11455,2515
2025-06-28 16:54:33,93,0.0271,0.00636,0.00695,0.5,3726,4531,11934,2450
2025-06-28 16:54:34,94,0.0271,0.00632,0.00726,0.499,3653,4663,11890,2581
2025-06-28 16:54:35,95,0.0264,0.00632,0.00726,0.497,3653,4663,11890,2581
2025-06-28 16:54:36,96,0.0271,0.00615,0.00707,0.497,3550,4595,11616,2499
2025-06-28 16:54:37,97,0.0279,0.00638,0.00687,0.496,3556,4449,12161,2438
2025-06-28 16:54:38,98,0.0264,0.00631,0.00711,0.496,3611,4615,11674,2543
2025-06-28 16:54:39,99,0.0271,0.00607,0.00726,0.498,3535,4782,11237,2614
2025-06-28 16:54:40,100,0.0271,0.00606,0.00726,0.496,3600,4748,11336,2613
2025-06-28 16:54:41,101,0.0279,0.00611,0.00703,0.497,3543,4527,11763,2508
2025-06-28 16:54:42,102,0.0271,0.00629,0.00699,0.496,3723,4556,11826,2494
2025-06-28 16:54:43,103,0.0271,0.00629,0.00796,0.496,3723,4660,11826,2570
2025-06-28 16:54:44,104,0.0271,0.00633,0.00839,0.496,3714,4602,11895,2552
2025-06-28 16:54:45,105,0.0279,0.00634,0.00871,0.496,3777,4916,11886,2687
2025-06-28 16:54:46,106,0.0271,0.00622,0.00876,0.497,3699,4839,11267,2681
2025-06-28 16:54:47,107,0.0279,0.00605,0.00876,0.496,3561,4839,10855,2681
2025-06-28 16:54:48,108,0.0279,0.00598,0.00829,0.495,3510,4603,11047,2498
2025-06-28 16:54:49,109,0.0271,0.00605,0.00861,0.497,3533,4731,11312,2616
2025-06-28 16:54:50,110,0.0279,0.00613,0.00863,0.498,3521,4885,11462,2678
2025-06-28 16:54:51,111,0.0271,0.00594,0.00867,0.496,3525,4853,11094,2627
2025-06-28 16:54:52,112,0.0271,0.00617,0.00833,0.498,3604,4671,11544,2549
2025-06-28 16:54:53,113,0.0271,0.00618,0.00781,0.496,3559,4223,11589,2323
2025-06-28 16:54:54,114,0.0279,0.00618,0.00865,0.497,3512,4853,11592,2630
2025-06-28 16:54:55,115,0.0257,0.00624,0.00845,0.496,3605,4742,11740,2588
2025-06-28 16:54:56,116,0.0271,0.00602,0.0072,0.496,3462,4333,11177,2379
2025-06-28 16:54:57,117,0.0271,0.00551,0.00846,0.498,3196,4784,10226,2608
2025-06-28 16:54:58,118,0.0264,0.00613,0.00988,0.496,3511,5120,11421,12381
2025-06-28 16:54:59,119,0.0264,0.00623,0.01,0.496,3563,5002,12076,13436
2025-06-28 16:55:00,120,0.0271,0.00613,0.00995,0.496,3565,5057,11827,13393
2025-06-28 16:55:01,121,0.0271,0.00581,0.00977,0.497,3411,4832,10911,13785
2025-06-28 16:55:02,122,0.0264,0.0063,0.0101,0.499,3649,5123,11871,13194
2025-06-28 16:55:03,123,0.0271,0.00608,0.01,0.499,3711,5169,11161,12716
2025-06-28 16:55:04,124,0.0264,0.00608,0.0101,0.498,3711,5041,11161,13638
2025-06-28 16:55:05,125,0.0279,0.00621,0.0102,0.497,3599,5252,11708,13362
2025-06-28 16:55:06,126,0.0271,0.00621,0.0102,0.498,3747,5252,11270,13362
2025-06-28 16:55:07,127,0.0264,0.00631,0.0101,0.498,3676,5041,11762,13636
2025-06-28 16:55:08,128,0.0264,0.00627,0.00993,0.498,3599,4984,11629,12835
2025-06-28 16:55:09,129,0.0286,0.00617,0.01,0.498,3637,5200,11425,12647
2025-06-28 16:55:10,130,0.0279,0.00617,0.0095,0.499,3660,5106,11510,13893
2025-06-28 16:55:11,131,0.0271,0.00614,0.00896,0.497,3646,4883,11465,12357
2025-06-28 16:55:12,132,0.0279,0.00562,0.00717,0.498,3392,4716,10440,2564
2025-06-28 16:55:13,133,0.0271,0.00621,0.00727,0.498,3630,4719,11601,2594
2025-06-28 16:55:14,134,0.0271,0.00607,0.0073,0.499,3601,4762,11325,2601
2025-06-28 16:55:15,135,0.0264,0.0061,0.00727,0.497,3688,4806,11144,2589
2025-06-28 16:55:16,136,0.0271,0.0061,0.00699,0.498,3688,4540,11144,2469
2025-06-28 16:55:17,137,0.0279,0.00801,0.0072,0.496,3509,4720,11831,2570
2025-06-28 16:55:18,138,0.0271,0.00786,0.00669,0.499,3694,4351,11011,2385
2025-06-28 16:55:19,139,0.025,0.00786,0.00696,0.499,3694,4472,11011,2467
2025-06-28 16:55:20,140,0.0279,0.00785,0.00722,0.497,3615,4778,11532,2598
2025-06-28 16:55:21,141,0.0271,0.00791,0.00722,0.498,3685,4778,10988,2598
2025-06-28 16:55:22,142,0.0271,0.00794,0.00717,0.496,3529,4753,11418,2585
2025-06-28 16:55:23,143,0.0271,0.00743,0.00702,0.499,3303,4560,10688,2515
2025-06-28 16:55:24,144,0.0264,0.00785,0.00727,0.499,3617,4792,11495,2640
2025-06-28 16:55:25,145,0.0279,0.00797,0.00737,0.499,3646,4818,11530,2681
2025-06-28 16:55:26,146,0.0271,0.00806,0.00716,0.499,3619,4698,11209,2588
2025-06-28 16:55:27,147,0.0264,0.00785,0.00641,0.501,3575,4209,11361,2306
2025-06-28 16:55:28,148,0.0271,0.00811,0.00646,0.499,3640,4241,11933,2324
2025-06-28 16:55:29,149,0.0279,0.00817,0.00685,0.499,3570,4542,11987,2502
2025-06-28 16:55:30,150,0.0271,0.00628,0.0071,0.499,3713,4722,11685,2568
2025-06-28 16:55:31,151,0.0257,0.00614,0.0068,0.5,3599,4450,11432,2436
2025-06-28 16:55:32,152,0.0271,0.00617,0.00723,0.499,3473,4776,11781,2632
2025-06-28 16:55:33,153,0.0279,0.00616,0.00828,0.5,3497,4929,11674,2694
2025-06-28 16:55:34,154,0.0264,0.00616,0.00821,0.501,3497,4736,11674,2607
2025-06-28 16:55:35,155,0.0279,0.00629,0.0107,0.5,3626,4581,11712,2499
2025-06-28 16:55:36,156,0.0264,0.00619,0.0107,0.501,3587,4581,11392,2499
2025-06-28 16:55:37,157,0.0271,0.00618,0.0105,0.499,3535,4664,11330,2537
2025-06-28 16:55:38,158,0.0271,0.00631,0.0105,0.499,3572,4586,11639,2541
2025-06-28 16:55:39,159,0.0257,0.00627,0.0109,0.497,3590,4529,11761,2482
2025-06-28 16:55:40,160,0.0271,0.00627,0.0111,0.498,3604,4732,11735,2607
2025-06-28 16:55:41,161,0.0271,0.00627,0.0103,0.497,3604,4391,11735,2419
2025-06-28 16:55:42,162,0.0271,0.00595,0.0109,0.496,3592,4768,10813,2573
2025-06-28 16:55:43,163,0.0271,0.00623,0.0107,0.498,3567,4836,11616,2650
2025-06-28 16:55:44,164,0.0271,0.00623,0.0108,0.498,3567,4927,11616,2707
2025-06-28 16:55:45,165,0.0279,0.00629,0.0111,0.498,3716,4848,11320,2630
2025-06-28 16:55:46,166,0.0264,0.00623,0.0105,0.496,3620,4626,11169,2526
2025-06-28 16:55:47,167,0.0271,0.00623,0.00961,0.495,3620,4664,11169,2550
2025-06-28 16:55:48,168,0.0279,0.00626,0.00734,0.494,3661,4884,11525,2676
2025-06-28 16:55:49,169,0.0264,0.00618,0.00712,0.494,3582,4665,11380,2572
2025-06-28 16:55:50,170,0.0271,0.00617,0.00733,0.493,3619,4877,11499,2661
2025-06-28 16:55:51,171,0.0264,0.00566,0.0073,0.494,3378,4834,10518,2652
2025-06-28 16:55:52,172,0.0271,0.00606,0.00734,0.494,3555,4887,11292,2666
2025-06-28 16:55:53,173,0.0286,0.0057,0.00706,0.496,3277,4606,10586,2549
2025-06-28 16:55:54,174,0.0271,0.00606,0.00663,0.495,3581,4325,11272,2393
2025-06-28 16:55:55,175,0.0271,0.00598,0.0071,0.494,3341,4618,11375,2556
2025-06-28 16:55:56,176,0.0279,0.00645,0.00664,0.496,3602,4320,12265,2391
2025-06-28 16:55:57,177,0.0264,0.00604,0.00701,0.493,3549,4628,11161,2505
2025-06-28 16:55:58,178,0.0271,0.00532,0.00887,0.494,3044,4788,10267,13064
2025-06-28 16:55:59,179,0.0271,0.00613,0.00942,0.494,3453,5282,11762,13545
2025-06-28 16:56:00,180,0.0279,0.00616,0.00922,0.495,3566,5189,11837,12715
2025-06-28 16:56:01,181,0.0279,0.00599,0.00902,0.494,3506,4929,11221,12859
2025-06-28 16:56:02,182,0.0264,0.00607,0.00948,0.495,3503,5184,11400,14218
2025-06-28 16:56:03,183,0.0271,0.0062,0.00918,0.496,3646,5158,11672,12633
2025-06-28 16:56:04,184,0.0271,0.00631,0.0091,0.497,3649,4959,11876,13522
2025-06-28 16:56:05,185,0.0279,0.00619,0.00908,0.496,3592,4935,11601,13381
2025-06-28 16:56:06,186,0.0271,0.00619,0.00935,0.496,3619,5238,11492,13425
2025-06-28 16:56:07,187,0.0264,0.00617,0.00912,0.494,3556,5119,11393,12537
2025-06-28 16:56:08,188,0.0271,0.00634,0.0092,0.494,3605,5149,11680,13197
2025-06-28 16:56:09,189,0.0264,0.0268,0.0092,0.496,3596,5149,11147,13197
2025-06-28 16:56:10,190,0.0271,0.0488,0.00919,0.496,3734,5005,11518,13649
2025-06-28 16:56:11,191,0.0271,0.063,0.00878,0.499,3791,4854,11404,12374
2025-06-28 16:56:12,192,0.0271,0.0718,0.00708,0.501,3874,4713,11339,2545
2025-06-28 16:56:13,193,0.0271,0.102,0.00686,0.499,3794,4416,11419,2438
2025-06-28 16:56:14,194,0.0271,0.121,0.00687,0.501,3795,4448,11427,2440
2025-06-28 16:56:15,195,0.0271,0.137,0.00717,0.503,3841,4716,11257,2550
2025-06-28 16:56:16,196,0.0271,0.161,0.00645,0.503,3751,4142,11450,2270
2025-06-28 16:56:17,197,0.0271,0.183,0.00722,0.503,3694,4732,11288,2573
2025-06-28 16:56:18,198,0.0279,0.216,0.00722,0.506,3710,4737,11539,2576
2025-06-28 16:56:19,199,0.0264,0.215,0.00722,0.506,3748,4737,11313,2576
2025-06-28 16:56:20,200,0.0279,0.232,0.00713,0.506,3734,4655,11402,2531
2025-06-28 16:56:21,201,0.0264,0.273,0.00719,0.508,3756,4736,11257,2557
2025-06-28 16:56:22,202,0.0264,0.27,0.00714,0.509,3691,4548,11782,2508
2025-06-28 16:56:23,203,0.0279,0.274,0.00672,0.511,3660,4310,12008,2359
2025-06-28 16:56:24,204,0.0264,0.288,0.00728,0.51,3600,4723,11867,2569
2025-06-28 16:56:25,205,0.0271,0.283,0.00726,0.509,3549,4626,12234,2563
2025-06-28 16:56:26,206,0.0271,0.263,0.00724,0.508,3363,4663,11499,2550
2025-06-28 16:56:27,207,0.0271,0.293,0.00733,0.509,3556,4763,11903,2588
2025-06-28 16:56:28,208,0.0271,0.286,0.00707,0.509,3552,4503,11661,2479
2025-06-28 16:56:29,209,0.0271,0.28,0.00707,0.507,3617,4580,11492,2493
2025-06-28 16:56:30,210,0.0271,0.285,0.00723,0.507,3522,4753,11627,2569
2025-06-28 16:56:31,211,0.0264,0.284,0.00719,0.508,3594,4623,11611,2552
2025-06-28 16:56:32,212,0.0271,0.282,0.00732,0.506,3599,4791,11819,2604
2025-06-28 16:56:33,213,0.0279,0.294,0.00678,0.504,3588,4362,12021,2405
2025-06-28 16:56:34,214,0.0257,0.26,0.00733,0.505,3313,4721,11386,2603
2025-06-28 16:56:35,215,0.0279,0.277,0.00716,0.506,3531,4702,12135,2541
2025-06-28 16:56:36,216,0.0264,0.283,0.00716,0.504,3617,4702,11585,2541
2025-06-28 16:56:37,217,0.0271,0.271,0.00713,0.502,3624,4582,11817,2527
2025-06-28 16:56:38,218,0.0271,0.282,0.0073,0.502,3481,4759,11436,2604
2025-06-28 16:56:39,219,0.0271,0.292,0.00746,0.504,3444,4903,11128,2685
2025-06-28 16:56:40,220,0.0271,0.271,0.00739,0.504,3611,4826,11758,2661
2025-06-28 16:56:41,221,0.0271,0.277,0.00723,0.505,3558,4651,11674,2580
2025-06-28 16:56:42,222,0.0271,0.281,0.00747,0.506,3601,4919,11525,2691
2025-06-28 16:56:43,223,0.0271,0.275,0.00747,0.506,3705,4824,11378,2690
2025-06-28 16:56:44,224,0.0271,0.278,0.00729,0.506,3604,4717,11822,2603
2025-06-28 16:56:45,225,0.0279,0.279,0.00709,0.506,3699,4606,11215,2511
2025-06-28 16:56:46,226,0.0264,0.279,0.00696,0.507,3699,4468,11215,2455
2025-06-28 16:56:47,227,0.0264,0.275,0.00713,0.508,3563,4608,11689,2550
2025-06-28 16:56:48,228,0.0271,0.287,0.00745,0.507,3623,4873,10988,2707
2025-06-28 16:56:49,229,0.0271,0.264,0.00741,0.509,3307,4805,10016,2681
2025-06-28 16:56:50,230,0.0279,0.293,0.00737,0.51,3624,4832,11147,2669
2025-06-28 16:56:51,231,0.0271,0.278,0.00741,0.51,3711,4885,11417,2678
2025-06-28 16:56:52,232,0.0271,0.278,0.00716,0.509,3711,4605,11417,2560
2025-06-28 16:56:53,233,0.0257,0.289,0.00722,0.509,3532,4676,11512,2583
2025-06-28 16:56:54,234,0.0271,0.292,0.00718,0.509,3635,4742,11298,2570
2025-06-28 16:56:55,235,0.0271,0.28,0.00718,0.506,3644,4742,11179,2570
2025-06-28 16:56:56,236,0.0264,0.284,0.00715,0.506,3553,4626,11560,2560
2025-06-28 16:56:57,237,0.0271,0.293,0.00709,0.506,3629,4637,11500,2507
2025-06-28 16:56:58,238,0.0271,0.28,0.014,0.508,3641,4989,11746,13500
2025-06-28 16:56:59,239,0.0264,0.28,0.014,0.506,3545,4989,12169,13500
2025-06-28 16:57:00,240,0.0279,0.282,0.014,0.506,3674,5099,11756,13553
2025-06-28 16:57:01,241,0.0279,0.282,0.0132,0.509,3674,4880,11756,12363
2025-06-28 16:57:02,242,0.0286,0.296,0.0134,0.509,3482,5003,11951,12609
2025-06-28 16:57:03,243,0.0264,0.279,0.014,0.507,3578,5089,11468,13450
2025-06-28 16:57:04,244,0.0279,0.28,0.013,0.509,3532,4517,11420,12820
2025-06-28 16:57:05,245,0.0279,0.282,0.0133,0.51,3644,4812,12095,12719
2025-06-28 16:57:06,246,0.0264,0.28,0.014,0.51,3709,4947,11763,13766
2025-06-28 16:57:07,247,0.0286,0.281,0.014,0.51,3655,5008,11795,13561
2025-06-28 16:57:08,248,0.0271,0.277,0.0135,0.509,3556,5031,12055,12744
2025-06-28 16:57:09,249,0.0271,0.297,0.0137,0.511,3611,5085,11963,12948
2025-06-28 16:57:10,250,0.0279,0.28,0.0137,0.511,3632,5085,11345,12948
2025-06-28 16:57:11,251,0.0279,0.28,0.0136,0.512,3632,5178,11345,12606
2025-06-28 16:57:12,252,0.0279,0.294,0.00757,0.511,3642,4992,11432,2709
2025-06-28 16:57:13,253,0.0279,0.276,0.00718,0.512,3240,4560,10334,2510
2025-06-28 16:57:14,254,0.0264,0.28,0.00732,0.513,3283,4727,10471,2586
2025-06-28 16:57:15,255,0.0271,0.286,0.00753,0.512,3697,4923,11602,2677
2025-06-28 16:57:16,256,0.0264,0.266,0.00726,0.512,3441,4632,10798,2554
2025-06-28 16:57:17,257,0.0279,0.296,0.00746,0.512,3516,4867,11942,2649
2025-06-28 16:57:18,258,0.0264,0.287,0.00746,0.51,3665,4867,11615,2649
2025-06-28 16:57:19,259,0.0279,0.291,0.00743,0.51,3611,4755,10970,2637
2025-06-28 16:57:20,260,0.0279,0.269,0.00692,0.511,3435,4472,10161,2450
2025-06-28 16:57:21,261,0.0271,0.29,0.00744,0.511,3698,4851,10941,2641
2025-06-28 16:57:22,262,0.0279,0.287,0.00754,0.514,3555,4833,11584,2691
2025-06-28 16:57:23,263,0.0271,0.281,0.00734,0.513,3649,4701,11360,2592
2025-06-28 16:57:24,264,0.0271,0.287,0.007,0.512,3651,4470,11591,2452
2025-06-28 16:57:25,265,0.0264,0.282,0.00718,0.512,3569,4580,11622,2543
2025-06-28 16:57:26,266,0.0257,0.29,0.00738,0.511,3548,4810,11359,2652
2025-06-28 16:57:27,267,0.0279,0.281,0.00743,0.512,3674,4880,11429,2670
2025-06-28 16:57:28,268,0.0279,0.275,0.0073,0.512,3631,4726,11917,2602
2025-06-28 16:57:29,269,0.0264,0.275,0.00708,0.511,3631,4553,11917,2506
2025-06-28 16:57:30,270,0.0264,0.273,0.00728,0.511,3695,4764,11721,2602
2025-06-28 16:57:31,271,0.0279,0.285,0.00727,0.511,3583,4727,11473,2599
2025-06-28 16:57:32,272,0.0271,0.284,0.00717,0.512,3635,4643,12235,2558
2025-06-28 16:57:33,273,0.0257,0.26,0.00733,0.51,3285,4813,11286,2631
2025-06-28 16:57:34,274,0.0271,0.28,0.00732,0.511,3530,4768,12130,2624
2025-06-28 16:57:35,275,0.0279,0.286,0.00708,0.51,3555,4612,11581,2508
2025-06-28 16:57:36,276,0.0264,0.281,0.00693,0.509,3660,4520,11394,2444
2025-06-28 16:57:37,277,0.0279,0.271,0.00744,0.511,3375,4846,10995,2682
2025-06-28 16:57:38,278,0.0271,0.296,0.00738,0.511,3506,4858,11434,2656
2025-06-28 16:57:39,279,0.0264,0.289,0.00717,0.509,3610,4697,11248,2552
2025-06-28 16:57:40,280,0.0293,0.283,0.00661,0.509,3607,4296,11497,2351
2025-06-28 16:57:41,281,0.0264,0.287,0.00709,0.509,3550,4563,11568,2517
2025-06-28 16:57:42,282,0.0271,0.298,0.00727,0.51,3521,4797,11177,2590
2025-06-28 16:57:43,283,0.0279,0.297,0.00713,0.509,3462,4653,11281,2537
2025-06-28 16:57:44,284,0.0279,0.294,0.00721,0.509,3614,4703,11254,2571
2025-06-28 16:57:45,285,0.0257,0.269,0.00741,0.509,3526,4908,10858,2660
2025-06-28 16:57:46,286,0.0279,0.297,0.00713,0.51,3461,4636,11277,2530
2025-06-28 16:57:47,287,0.0279,0.302,0.00695,0.512,3473,4443,11315,2444
2025-06-28 16:57:48,288,0.0264,0.266,0.007,0.509,3327,4551,10744,2516
2025-06-28 16:57:49,289,0.0264,0.286,0.00679,0.511,3605,4412,11547,2440
2025-06-28 16:57:50,290,0.0279,0.272,0.00818,0.511,3259,4815,10971,2677
2025-06-28 16:57:51,291,0.0264,0.284,0.00769,0.509,3674,4545,11656,2466
2025-06-28 16:57:52,292,0.0271,0.263,0.00769,0.51,3402,4452,10794,2464
2025-06-28 16:57:53,293,0.0279,0.287,0.00779,0.51,3520,4517,11914,2485
2025-06-28 16:57:54,294,0.0257,0.281,0.008,0.511,3622,4779,11440,2590
2025-06-28 16:57:55,295,0.0271,0.274,0.00787,0.511,3662,4681,11252,2554
2025-06-28 16:57:56,296,0.0264,0.28,0.00808,0.509,3707,4866,11372,2668
2025-06-28 16:57:57,297,0.0264,0.277,0.00832,0.509,3710,5030,11965,2735
2025-06-28 16:57:58,298,0.0279,0.279,0.00997,0.509,3566,4766,12052,12966
2025-06-28 16:57:59,299,0.0279,0.276,0.0105,0.51,3720,5276,11895,13408
2025-06-28 16:58:00,300,0.0271,0.276,0.0105,0.509,3720,5276,11895,13408
2025-06-28 16:58:01,301,0.0264,0.284,0.0103,0.507,3691,4979,11471,13528
2025-06-28 16:58:02,302,0.0286,0.283,0.00986,0.509,3673,4892,11446,12433
2025-06-28 16:58:03,303,0.0264,0.284,0.00959,0.51,3585,5146,11466,13145
2025-06-28 16:58:04,304,0.0264,0.287,0.00939,0.509,3516,5064,11334,12364
2025-06-28 16:58:05,305,0.0271,0.281,0.00954,0.509,3555,5152,11650,12581
2025-06-28 16:58:06,306,0.0279,0.285,0.00978,0.509,3675,5260,11134,13437
2025-06-28 16:58:07,307,0.0264,0.285,0.00953,0.508,3675,5006,11134,13016
2025-06-28 16:58:08,308,0.0279,0.29,0.00953,0.509,3523,5006,12097,13016
2025-06-28 16:58:09,309,0.0264,0.281,0.00953,0.509,3600,5112,12223,12991
2025-06-28 16:58:10,310,0.0271,0.281,0.00935,0.508,3600,4843,12223,13082
2025-06-28 16:58:11,311,0.0279,0.295,0.00635,0.509,3674,4178,11180,2289
2025-06-28 16:58:12,312,0.0271,0.271,0.0074,0.509,3311,4877,10210,2654
2025-06-28 16:58:13,313,0.0271,0.292,0.00701,0.509,3562,4454,10983,2452
2025-06-28 16:58:14,314,0.0279,0.286,0.00709,0.507,3702,4538,11612,2481
2025-06-28 16:58:15,315,0.0279,0.281,0.00721,0.509,3679,4653,11499,2528
2025-06-28 16:58:16,316,0.0257,0.281,0.0069,0.511,3720,4420,11448,2433
2025-06-28 16:58:17,317,0.0279,0.281,0.0071,0.509,3720,4501,11448,2483
2025-06-28 16:58:18,318,0.0279,0.297,0.00706,0.51,3640,4560,11422,2466
2025-06-28 16:58:19,319,0.0286,0.288,0.0071,0.511,3649,4529,11241,2482
2025-06-28 16:58:20,320,0.0271,0.288,0.0066,0.511,3675,4225,11647,2315
2025-06-28 16:58:21,321,0.0271,0.281,0.00721,0.512,3703,4689,11736,2550
2025-06-28 16:58:22,322,0.0271,0.281,0.00727,0.511,3703,4674,11736,2572
2025-06-28 16:58:23,323,0.0279,0.295,0.00722,0.51,3505,4618,11132,2559
2025-06-28 16:58:24,324,0.0286,0.271,0.00732,0.511,3343,4756,10889,2600
2025-06-28 16:58:25,325,0.0257,0.284,0.00728,0.512,3505,4713,11504,2594
2025-06-28 16:58:26,326,0.0271,0.285,0.00728,0.511,3561,4755,11598,2599
2025-06-28 16:58:27,327,0.0271,0.271,0.00746,0.511,3261,4871,10977,2662
2025-06-28 16:58:28,328,0.0257,0.28,0.00738,0.514,3518,4788,11389,2635
2025-06-28 16:58:29,329,0.0257,0.285,0.00733,0.511,3527,4733,11491,2625
2025-06-28 16:58:30,330,0.0279,0.286,0.00712,0.511,3601,4666,12059,2520
2025-06-28 16:58:31,331,0.0271,0.282,0.00712,0.509,3542,4666,11540,2520
2025-06-28 16:58:32,332,0.0286,0.284,0.00725,0.511,3594,4675,11512,2590
2025-06-28 16:58:33,333,0.0257,0.28,0.0071,0.511,3629,4666,12057,2520
2025-06-28 16:58:34,334,0.0264,0.279,0.0071,0.51,3530,4666,12137,2520
2025-06-28 16:58:35,335,0.0279,0.288,0.00703,0.511,3537,4579,11528,2476
2025-06-28 16:58:36,336,0.0264,0.291,0.00737,0.511,3566,4840,11622,2629
2025-06-28 16:58:37,337,0.0271,0.286,0.00737,0.514,3624,4840,11585,2629
2025-06-28 16:58:38,338,0.0264,0.271,0.00723,0.512,3350,4647,10958,2563
2025-06-28 16:58:39,339,0.0286,0.289,0.00645,0.511,3525,4124,11648,2260
2025-06-28 16:58:40,340,0.0271,0.269,0.00696,0.512,3353,4450,10841,2439
2025-06-28 16:58:41,341,0.0271,0.287,0.00714,0.511,3545,4615,11640,2546
2025-06-28 16:58:42,342,0.0279,0.281,0.00725,0.51,3615,4758,12178,2583
2025-06-28 16:58:43,343,0.0279,0.279,0.00726,0.511,3553,4755,11669,2608
2025-06-28 16:58:44,344,0.0279,0.279,0.00744,0.511,3553,4852,11669,2695
2025-06-28 16:58:45,345,0.0271,0.281,0.00713,0.512,3673,4682,11435,2540
2025-06-28 16:58:46,346,0.0264,0.277,0.00713,0.511,3604,4682,11336,2540
2025-06-28 16:58:47,347,0.0264,0.289,0.0073,0.509,3551,4781,10919,2611
2025-06-28 16:58:48,348,0.0279,0.301,0.00726,0.509,3586,4729,11384,2601
2025-06-28 16:58:49,349,0.0271,0.281,0.00733,0.508,3345,4734,10618,2634
2025-06-28 16:58:50,350,0.0286,0.283,0.00717,0.508,3580,4704,11755,2569
2025-06-28 16:58:51,351,0.0264,0.268,0.00727,0.506,3279,4836,11011,2620
2025-06-28 16:58:52,352,0.0279,0.276,0.00713,0.508,3681,4688,11995,2560
2025-06-28 16:58:53,353,0.0271,0.278,0.0075,0.508,3706,4962,11971,2723
2025-06-28 16:58:54,354,0.0271,0.276,0.00734,0.51,3744,4899,11896,2654
2025-06-28 16:58:55,355,0.0271,0.285,0.00705,0.508,3697,4610,11501,2518
2025-06-28 16:58:56,356,0.0271,0.298,0.00695,0.511,3579,4498,11165,2477
2025-06-28 16:58:57,357,0.0286,0.303,0.00711,0.509,3543,4673,11238,2526
2025-06-28 16:58:58,358,0.0264,0.291,0.00908,0.511,3593,5087,11524,13769
2025-06-28 16:58:59,359,0.0279,0.286,0.00908,0.511,3641,5087,12091,13769
2025-06-28 16:59:00,360,0.0257,0.288,0.00905,0.509,3669,5064,12280,13708
2025-06-28 16:59:01,361,0.0286,0.281,0.00885,0.511,3638,4963,11341,12782
2025-06-28 16:59:02,362,0.0264,0.278,0.009,0.511,3680,4992,11300,14243
2025-06-28 16:59:03,363,0.0271,0.278,0.0088,0.512,3676,5002,11773,12660
2025-06-28 16:59:04,364,0.0271,0.278,0.00883,0.513,3676,4854,11773,13762
2025-06-28 16:59:05,365,0.0286,0.302,0.00913,0.514,3511,5073,11288,13723
2025-06-28 16:59:06,366,0.0264,0.296,0.00873,0.513,3589,4926,11170,12466
2025-06-28 16:59:07,367,0.0271,0.296,0.00889,0.511,3546,4957,11070,12768
2025-06-28 16:59:08,368,0.0264,0.293,0.00947,0.511,3512,5307,11696,14440
2025-06-28 16:59:09,369,0.0271,0.282,0.00891,0.513,3673,5058,12087,12800
2025-06-28 16:59:10,370,0.0271,0.277,0.00895,0.511,3765,4925,12136,14050
2025-06-28 16:59:11,371,0.0264,0.24,0.00883,0.511,3796,4923,11508,12678
2025-06-28 16:59:12,372,0.0279,0.24,0.00727,0.508,3746,4697,11709,2588
2025-06-28 16:59:13,373,0.0264,0.218,0.00737,0.506,3627,4796,11629,2642
2025-06-28 16:59:14,374,0.0271,0.173,0.00723,0.506,3162,4646,10529,2576
2025-06-28 16:59:15,375,0.0264,0.172,0.00745,0.504,3697,4891,12160,2673
2025-06-28 16:59:16,376,0.0279,0.151,0.00744,0.504,3554,4863,12015,2676
2025-06-28 16:59:17,377,0.0271,0.13,0.00728,0.504,3631,4705,11352,2607
2025-06-28 16:59:18,378,0.0257,0.0971,0.00662,0.501,3736,4316,11702,2362
2025-06-28 16:59:19,379,0.0271,0.0866,0.00716,0.5,3763,4706,12029,2559
2025-06-28 16:59:20,380,0.0264,0.0644,0.0166,0.501,3739,5058,12246,12826
2025-06-28 16:59:21,381,0.0279,0.0287,0.0172,0.501,3829,4903,12113,13657
2025-06-28 16:59:22,382,0.0271,0.0264,0.0176,0.499,3694,5134,11798,13917
2025-06-28 16:59:23,383,0.0279,0.0063,0.0176,0.499,3667,5134,11258,13917
2025-06-28 16:59:24,384,0.0264,0.00601,0.0173,0.497,3354,5142,11034,13680
2025-06-28 16:59:25,385,0.0279,0.00632,0.0166,0.497,3450,5078,11870,12878
2025-06-28 16:59:26,386,0.0271,0.00631,0.0168,0.498,3675,5138,11168,13098
2025-06-28 16:59:27,387,0.0271,0.00631,0.0168,0.499,3675,5138,11168,13098
2025-06-28 16:59:28,388,0.0271,0.00636,0.0165,0.499,3535,5052,11531,12820
2025-06-28 16:59:29,389,0.0286,0.00589,0.0164,0.499,3275,5040,10684,12774
2025-06-28 16:59:30,390,0.0279,0.0064,0.0176,0.498,3687,5233,11827,13992
2025-06-28 16:59:31,391,0.0264,0.00887,0.0161,0.497,3660,4924,11523,12481
2025-06-28 16:59:32,392,0.0279,0.00901,0.0174,0.499,3621,4882,11145,13946
2025-06-28 16:59:33,393,0.0264,0.00881,0.0161,0.499,3629,4924,11640,12481
2025-06-28 16:59:34,394,0.0271,0.00871,0.0071,0.499,3518,4689,11120,2586
2025-06-28 16:59:35,395,0.0271,0.00905,0.007,0.499,3709,4684,11893,2532
2025-06-28 16:59:36,396,0.0279,0.00905,0.007,0.5,3709,4684,11893,2532
2025-06-28 16:59:37,397,0.0271,0.00888,0.00711,0.499,3464,4686,11739,2584
2025-06-28 16:59:38,398,0.0279,0.00915,0.00727,0.5,3729,4843,11969,2649
2025-06-28 16:59:39,399,0.0257,0.00915,0.00728,0.501,3729,4887,11969,2657
2025-06-28 16:59:40,400,0.0264,0.00874,0.00857,0.5,3501,4764,11506,12819
2025-06-28 16:59:41,401,0.0271,0.00898,0.00901,0.498,3605,5023,11090,14337
2025-06-28 16:59:42,402,0.0286,0.00865,0.00876,0.499,3646,5014,11209,12694
2025-06-28 16:59:43,403,0.0264,0.0089,0.00861,0.501,3574,4783,11743,12887
2025-06-28 16:59:44,404,0.0264,0.0089,0.00915,0.501,3574,5089,11743,14544
2025-06-28 16:59:45,405,0.0279,0.00624,0.00899,0.5,3519,5131,11794,13006
2025-06-28 16:59:46,406,0.0257,0.00616,0.00912,0.499,3498,5144,11305,13260
2025-06-28 16:59:47,407,0.0279,0.00624,0.00912,0.499,3460,5144,11369,13260
2025-06-28 16:59:48,408,0.0279,0.00634,0.00917,0.499,3502,5141,11799,13921
2025-06-28 16:59:49,409,0.0264,0.00612,0.0103,0.5,3466,5102,11302,12567
2025-06-28 16:59:50,410,0.0271,0.00619,0.0106,0.501,3689,5109,11209,13836
2025-06-28 16:59:51,411,0.0264,0.00619,0.0102,0.499,3689,5110,11209,12440
2025-06-28 16:59:52,412,0.0257,0.00615,0.0103,0.499,3565,4984,11102,13497
2025-06-28 16:59:53,413,0.0279,0.00636,0.00856,0.498,3639,4767,11775,2574
2025-06-28 16:59:54,414,0.0271,0.00628,0.00861,0.499,3556,4859,11931,2659
2025-06-28 16:59:55,415,0.0286,0.00625,0.00883,0.5,3495,4843,11922,2668
2025-06-28 16:59:56,416,0.0257,0.00637,0.00843,0.499,3503,4710,12041,2562
2025-06-28 16:59:57,417,0.0271,0.00612,0.00848,0.498,3617,4736,10981,2576
2025-06-28 16:59:58,418,0.0271,0.00632,0.00856,0.499,3682,4635,11321,2537
2025-06-28 16:59:59,419,0.0286,0.00627,0.00838,0.5,3528,4694,11586,2555
2025-06-28 17:00:00,420,0.0279,0.0062,0.00838,0.499,3579,4613,11557,2471
2025-06-28 17:00:01,421,0.0257,0.00627,0.00855,0.501,3627,4686,11623,2582
2025-06-28 17:00:02,422,0.0279,0.00627,0.00793,0.5,3592,4344,11598,2393
2025-06-28 17:00:03,423,0.0279,0.00631,0.00901,0.499,3661,5030,11730,13405
2025-06-28 17:00:04,424,0.0264,0.00629,0.00884,0.497,3546,4779,11642,13604
2025-06-28 17:00:05,425,0.0279,0.00622,0.00891,0.499,3558,4990,11491,12672
2025-06-28 17:00:06,426,0.0293,0.00627,0.00943,0.499,3515,5191,11774,14175
2025-06-28 17:00:07,427,0.0271,0.00633,0.00906,0.5,3628,5002,11289,12926
2025-06-28 17:00:08,428,0.0271,0.00651,0.00886,0.5,3708,4929,11979,13135
2025-06-28 17:00:09,429,0.025,0.00642,0.00933,0.499,3730,5097,11861,14599
2025-06-28 17:00:10,430,0.0279,0.00627,0.0253,0.499,3693,5018,11247,12968
2025-06-28 17:00:11,431,0.0271,0.00635,0.0268,0.498,3607,5091,11632,13823
2025-06-28 17:00:12,432,0.0264,0.00633,0.0272,0.5,3686,5160,11585,14018
2025-06-28 17:00:13,433,0.0257,0.00638,0.0248,0.499,3732,4902,11518,12677
2025-06-28 17:00:14,434,0.0271,0.0063,0.0269,0.499,3765,4852,11325,13908
2025-06-28 17:00:15,435,0.0279,0.0063,0.0251,0.499,3765,5063,11325,12849
2025-06-28 17:00:16,436,0.0257,0.00633,0.0239,0.499,3624,4575,11336,2523
2025-06-28 17:00:17,437,0.0264,0.00633,0.0225,0.498,3624,4300,11336,2371
2025-06-28 17:00:18,438,0.0279,0.00632,0.0234,0.5,3566,4798,11833,2612
2025-06-28 17:00:19,439,0.0271,0.00634,0.0249,0.499,3693,4561,11388,2502
2025-06-28 17:00:20,440,0.0264,0.00634,0.0247,0.5,3693,4742,11388,2615
2025-06-28 17:00:21,441,0.0271,0.00633,0.0234,0.499,3659,4797,11783,2611
2025-06-28 17:00:22,442,0.0271,0.00612,0.0227,0.499,3570,4755,11036,2648
2025-06-28 17:00:23,443,0.0286,0.00583,0.00721,0.499,3241,4791,11120,2639
2025-06-28 17:00:24,444,0.0264,0.00623,0.00717,0.499,3461,4808,11873,2617
2025-06-28 17:00:25,445,0.0271,0.00632,0.00693,0.499,3596,4556,11734,2513
2025-06-28 17:00:26,446,0.0271,0.00633,0.00712,0.497,3541,4754,11645,2600
2025-06-28 17:00:27,447,0.0257,0.00627,0.00734,0.497,3477,4982,11725,2708
2025-06-28 17:00:28,448,0.0279,0.00629,0.00683,0.498,3440,4474,11842,2463
2025-06-28 17:00:29,449,0.0271,0.00623,0.00683,0.497,3628,4474,11531,2463
2025-06-28 17:00:30,450,0.0279,0.0062,0.00697,0.498,3610,4654,11423,2529
2025-06-28 17:00:31,451,0.0279,0.00628,0.0072,0.5,3690,4757,11360,2633
2025-06-28 17:00:32,452,0.0271,0.0063,0.0072,0.5,3707,4757,11558,2633
2025-06-28 17:00:33,453,0.0271,0.00624,0.007,0.501,3598,4710,11709,2544
2025-06-28 17:00:34,454,0.0279,0.00626,0.0101,0.499,3594,4559,11626,2479
2025-06-28 17:00:35,455,0.0264,0.00625,0.0104,0.5,3486,4489,11822,2473
2025-06-28 17:00:36,456,0.0286,0.00587,0.0114,0.5,3375,4735,10918,2560
2025-06-28 17:00:37,457,0.0271,0.00644,0.0112,0.501,3705,4667,11890,2583
2025-06-28 17:00:38,458,0.0271,0.00631,0.0112,0.501,3692,4667,11398,2583
2025-06-28 17:00:39,459,0.0271,0.00644,0.011,0.499,3676,4667,11895,2538
2025-06-28 17:00:40,460,0.0271,0.00644,0.0112,0.5,3739,4451,12000,2439
2025-06-28 17:00:41,461,0.0293,0.00627,0.0119,0.5,3732,4873,11350,2685
2025-06-28 17:00:42,462,0.0264,0.00627,0.0112,0.5,3732,4754,11350,2585
2025-06-28 17:00:43,463,0.0279,0.00633,0.0116,0.5,3529,4834,11968,2678
2025-06-28 17:00:44,464,0.0279,0.00632,0.0116,0.501,3494,4834,12030,2678
2025-06-28 17:00:45,465,0.0264,0.00646,0.0113,0.499,3561,4716,12077,2550
2025-06-28 17:00:46,466,0.0271,0.00646,0.0113,0.498,3561,4584,12077,2526
2025-06-28 17:00:47,467,0.0257,0.00647,0.0109,0.497,3640,4613,12115,2517
2025-06-28 17:00:48,468,0.0279,0.00651,0.0078,0.499,3764,4772,11968,2586
2025-06-28 17:00:49,469,0.0279,0.00629,0.00687,0.498,3672,4506,11301,2492
2025-06-28 17:00:50,470,0.0257,0.00613,0.00687,0.497,3578,4506,11020,2492
2025-06-28 17:00:51,471,0.0271,0.00616,0.00685,0.496,3565,4590,11441,2491
2025-06-28 17:00:52,472,0.0279,0.00584,0.00709,0.496,3290,4735,11097,2602
2025-06-28 17:00:53,473,0.0271,0.00608,0.00712,0.498,3469,4790,11334,2614
2025-06-28 17:00:54,474,0.0271,0.00627,0.0141,0.499,3588,4740,11709,2584
2025-06-28 17:00:55,475,0.0264,0.00627,0.0137,0.497,3588,4707,11709,2581
2025-06-28 17:00:56,476,0.0279,0.00625,0.0146,0.498,3674,4812,11319,2672
2025-06-28 17:00:57,477,0.0257,0.00625,0.0141,0.498,3674,4581,11319,2484
2025-06-28 17:00:58,478,0.0264,0.00622,0.0148,0.497,3576,4547,11467,2496
2025-06-28 17:00:59,479,0.0271,0.00605,0.0157,0.498,3468,4888,11207,12629
2025-06-28 17:01:00,480,0.0264,0.00615,0.0167,0.496,3529,5065,11400,13747
2025-06-28 17:01:01,481,0.0293,0.00609,0.0164,0.496,3463,5148,11289,13317
2025-06-28 17:01:02,482,0.0257,0.00584,0.0169,0.496,3444,5102,10964,13866
2025-06-28 17:01:03,483,0.0264,0.00624,0.0159,0.497,3681,5059,11719,12859
2025-06-28 17:01:04,484,0.0279,0.00621,0.0167,0.497,3524,5222,11486,13580
2025-06-28 17:01:05,485,0.0257,0.00621,0.016,0.497,3524,5215,11486,12737
2025-06-28 17:01:06,486,0.0271,0.00631,0.0173,0.498,3645,5228,11573,14291
2025-06-28 17:01:07,487,0.0271,0.00627,0.0163,0.498,3588,5077,11502,13134
2025-06-28 17:01:08,488,0.0271,0.00626,0.00871,0.496,3441,4881,11791,12947
2025-06-28 17:01:09,489,0.0271,0.00631,0.00886,0.497,3533,5056,11926,12852
2025-06-28 17:01:10,490,0.0264,0.00632,0.00878,0.496,3535,4938,11856,13499
2025-06-28 17:01:11,491,0.0286,0.00917,0.00878,0.495,3812,5001,12103,12712
2025-06-28 17:01:12,492,0.0271,0.0089,0.00694,0.496,3740,4674,11979,2506
2025-06-28 17:01:13,493,0.0271,0.00915,0.00795,0.495,3652,4740,11780,2580
2025-06-28 17:01:14,494,0.0271,0.00876,0.00793,0.497,3542,4585,11523,2524
2025-06-28 17:01:15,495,0.0264,0.00872,0.00772,0.496,3612,4543,11465,2469
2025-06-28 17:01:16,496,0.0271,0.00903,0.00787,0.496,3468,4631,11707,2499
2025-06-28 17:01:17,497,0.0279,0.00929,0.0081,0.497,3679,4733,11863,2623
2025-06-28 17:01:18,498,0.0264,0.00889,0.00794,0.496,3657,4725,11608,2569
2025-06-28 17:01:19,499,0.0271,0.00901,0.00805,0.497,3658,4691,11435,2584
2025-06-28 17:01:20,500,0.0271,0.00901,0.00783,0.498,3658,4586,11435,2501
2025-06-28 17:01:21,501,0.0271,0.00879,0.00797,0.496,3637,4778,11544,2612
2025-06-28 17:01:22,502,0.0279,0.00897,0.00824,0.496,3623,4912,11778,2719
2025-06-28 17:01:23,503,0.0271,0.00897,0.00778,0.496,3623,4544,11778,2506
2025-06-28 17:01:24,504,0.0271,0.00878,0.0082,0.498,3597,4869,11541,2698
2025-06-28 17:01:25,505,0.0271,0.00601,0.0081,0.499,3394,4821,11067,2685
2025-06-28 17:01:26,506,0.0271,0.00615,0.00714,0.496,3609,4768,10962,2627
2025-06-28 17:01:27,507,0.0257,0.00627,0.00702,0.497,3728,4730,11167,2572
2025-06-28 17:01:28,508,0.0271,0.00631,0.00713,0.496,3673,4802,11292,2630
2025-06-28 17:01:29,509,0.0264,0.00641,0.00728,0.497,3679,4870,11456,2701
2025-06-28 17:01:30,510,0.0271,0.00619,0.00706,0.497,3604,4806,11449,2595
2025-06-28 17:01:31,511,0.0271,0.00632,0.00691,0.496,3628,4642,11728,2525
2025-06-28 17:01:32,512,0.0271,0.00645,0.00675,0.497,3646,4527,11978,2448
2025-06-28 17:01:33,513,0.0279,0.00626,0.00725,0.497,3640,4863,11510,2667
2025-06-28 17:01:34,514,0.0271,0.0063,0.00722,0.497,3656,4814,11384,2655
2025-06-28 17:01:35,515,0.0264,0.00657,0.007,0.498,3738,4622,12080,2546
2025-06-28 17:01:36,516,0.0264,0.00639,0.00697,0.499,3679,4691,11683,2533
2025-06-28 17:01:37,517,0.0271,0.00627,0.00696,0.499,3526,4655,11493,2532
2025-06-28 17:01:38,518,0.0279,0.00627,0.00711,0.5,3526,4797,11493,2606
2025-06-28 17:01:39,519,0.0264,0.00645,0.00714,0.499,3696,4845,11857,2613
2025-06-28 17:01:40,520,0.0279,0.00629,0.00695,0.499,3542,4568,11633,2517
2025-06-28 17:01:41,521,0.0279,0.0058,0.00656,0.5,3380,4317,10733,2378
2025-06-28 17:01:42,522,0.0279,0.00622,0.00687,0.5,3624,4596,11505,2480
2025-06-28 17:01:43,523,0.0271,0.00628,0.00683,0.501,3627,4486,11456,2478
2025-06-28 17:01:44,524,0.0271,0.00628,0.0071,0.501,3627,4738,11456,2603
2025-06-28 17:01:45,525,0.0271,0.00613,0.00726,0.502,3582,4904,11376,2678
2025-06-28 17:01:46,526,0.0271,0.00603,0.00708,0.502,3311,4671,11387,2599
2025-06-28 17:01:47,527,0.0271,0.00644,0.00677,0.502,3538,4531,12169,2461
2025-06-28 17:01:48,528,0.0264,0.00628,0.00676,0.501,3518,4559,11789,2457
2025-06-28 17:01:49,529,0.0271,0.00605,0.00701,0.502,3508,4646,10922,2571
2025-06-28 17:01:50,530,0.0271,0.00629,0.00726,0.501,3690,4885,11352,2683
2025-06-28 17:01:51,531,0.0271,0.00631,0.00728,0.5,3709,4937,11557,2696
2025-06-28 17:01:52,532,0.0264,0.00622,0.00702,0.498,3624,4633,11325,2578
2025-06-28 17:01:53,533,0.0279,0.00613,0.00726,0.501,3557,4931,11405,2693
2025-06-28 17:01:54,534,0.0257,0.00637,0.00726,0.501,3619,4931,12212,2693
2025-06-28 17:01:55,535,0.0271,0.00641,0.00727,0.499,3576,4841,12317,2691
2025-06-28 17:01:56,536,0.0264,0.00627,0.00727,0.499,3670,4841,11479,2691
2025-06-28 17:01:57,537,0.0264,0.00641,0.00723,0.498,3634,4886,12075,2659
2025-06-28 17:01:58,538,0.0271,0.00645,0.00819,0.499,3657,4837,11916,13129
2025-06-28 17:01:59,539,0.0264,0.00635,0.00865,0.498,3575,5280,11739,13473
2025-06-28 17:02:00,540,0.0271,0.00627,0.00865,0.498,3645,5280,11680,13473
2025-06-28 17:02:01,541,0.0271,0.00651,0.00845,0.497,3741,5050,12189,13039
2025-06-28 17:02:02,542,0.0271,0.00629,0.00814,0.497,3712,4854,11557,13887
2025-06-28 17:02:03,543,0.0271,0.00623,0.00852,0.496,3639,5185,11725,13155
2025-06-28 17:02:04,544,0.0271,0.00625,0.00782,0.496,3515,4620,11832,13219
2025-06-28 17:02:05,545,0.0264,0.00623,0.00785,0.498,3479,4613,11778,13117
2025-06-28 17:02:06,546,0.0279,0.00634,0.00832,0.498,3638,5021,11484,12739
2025-06-28 17:02:07,547,0.0264,0.00647,0.00838,0.496,3621,4976,11968,12916
2025-06-28 17:02:08,548,0.0271,0.00631,0.00794,0.497,3556,4700,11585,13449
2025-06-28 17:02:09,549,0.0271,0.00588,0.00838,0.499,3323,5084,10844,12897
2025-06-28 17:02:10,550,0.0271,0.00629,0.00866,0.498,3553,5167,11596,14096
2025-06-28 17:02:11,551,0.0279,0.00608,0.0082,0.499,3575,4931,11014,12510
2025-06-28 17:02:12,552,0.0271,0.00615,0.00722,0.499,3658,4816,11125,2633
2025-06-28 17:02:13,553,0.0271,0.00621,0.00697,0.498,3579,4569,11473,2517
2025-06-28 17:02:14,554,0.0271,0.00569,0.00709,0.499,3252,4684,10508,2555
2025-06-28 17:02:15,555,0.0264,0.00641,0.00709,0.5,3592,4684,12104,2555
2025-06-28 17:02:16,556,0.0279,0.00641,0.00707,0.499,3536,4630,11981,2551
2025-06-28 17:02:17,557,0.0271,0.00715,0.00707,0.5,3849,4630,11406,2551
2025-06-28 17:02:18,558,0.0264,0.00715,0.00725,0.501,3849,4842,11406,2625
2025-06-28 17:02:19,559,0.0271,0.00752,0.00736,0.501,3848,4888,11663,2680
2025-06-28 17:02:20,560,0.0264,0.00791,0.00729,0.501,3798,4775,11887,2640
2025-06-28 17:02:21,561,0.0264,0.00867,0.00711,0.501,4127,4723,11383,2563
2025-06-28 17:02:22,562,0.0271,0.00858,0.00716,0.501,3884,4653,11219,2573
2025-06-28 17:02:23,563,0.0271,0.00905,0.00716,0.502,4076,4653,11971,2573
2025-06-28 17:02:24,564,0.0271,0.0121,0.00733,0.502,4128,4810,11237,2659
2025-06-28 17:02:25,565,0.0264,0.0129,0.00733,0.502,4394,4810,11962,2659
2025-06-28 17:02:26,566,0.0264,0.0131,0.00744,0.499,4449,4693,11781,2598
2025-06-28 17:02:27,567,0.0271,0.0131,0.00711,0.501,4449,4493,11781,2493
2025-06-28 17:02:28,568,0.0271,0.0142,0.00757,0.499,4616,4848,12076,2668
2025-06-28 17:02:29,569,0.0279,0.0139,0.00763,0.499,4676,4952,11532,2697
2025-06-28 17:02:30,570,0.0264,0.0145,0.00763,0.499,4818,4952,11607,2697
2025-06-28 17:02:31,571,0.0279,0.0143,0.00746,0.499,4671,4778,11978,2647
2025-06-28 17:02:32,572,0.0279,0.015,0.00734,0.498,4852,4746,11792,2596
2025-06-28 17:02:33,573,0.0279,0.0147,0.00723,0.496,4865,4684,12374,2532
2025-06-28 17:02:34,574,0.0264,0.0146,0.00741,0.496,4831,4731,12288,2609
2025-06-28 17:02:35,575,0.0286,0.0135,0.00728,0.496,4295,4606,11514,2554
2025-06-28 17:02:36,576,0.0271,0.0151,0.00739,0.496,4824,4798,12429,2611
2025-06-28 17:02:37,577,0.0279,0.0145,0.00755,0.495,4678,4848,12123,2670
2025-06-28 17:02:38,578,0.0279,0.012,0.0072,0.494,4749,4634,12062,2522
2025-06-28 17:02:39,579,0.0264,0.0124,0.00689,0.495,4928,4649,11978,2493
2025-06-28 17:02:40,580,0.0271,0.0124,0.0071,0.496,4825,4762,12502,2592
2025-06-28 17:02:41,581,0.0279,0.0117,0.00704,0.497,4567,4655,11775,2567
2025-06-28 17:02:42,582,0.0279,0.0117,0.00696,0.497,4638,4630,11791,2520
2025-06-28 17:02:43,583,0.0271,0.011,0.00644,0.497,4297,4222,11650,2316
2025-06-28 17:02:44,584,0.0286,0.0111,0.00643,0.498,4352,4217,11800,2318
2025-06-28 17:02:45,585,0.0264,0.0122,0.00687,0.499,4784,4568,12792,2477
2025-06-28 17:02:46,586,0.0271,0.0121,0.00688,0.499,4719,4499,12222,2490
2025-06-28 17:02:47,587,0.0271,0.0121,0.00714,0.501,4719,4791,12222,2611
2025-06-28 17:02:48,588,0.0279,0.0146,0.00714,0.502,4830,4791,11865,2611
2025-06-28 17:02:49,589,0.0271,0.0145,0.00726,0.502,4743,4878,11641,2675
2025-06-28 17:02:50,590,0.0271,0.0145,0.00706,0.503,4743,4666,11641,2580
2025-06-28 17:02:51,591,0.0271,0.0149,0.00713,0.502,4952,4726,12164,2613
2025-06-28 17:02:52,592,0.0271,0.0148,0.00705,0.503,4718,4636,12283,2577
2025-06-28 17:02:53,593,0.0286,0.0144,0.00791,0.501,4644,4833,11959,2634
2025-06-28 17:02:54,594,0.0271,0.0144,0.00791,0.502,4775,4833,12217,2634
2025-06-28 17:02:55,595,0.0271,0.0149,0.0082,0.501,4941,4644,12562,2534
2025-06-28 17:02:56,596,0.0271,0.0146,0.00826,0.502,4875,4706,11874,2568
2025-06-28 17:02:57,597,0.0271,0.0146,0.00861,0.501,4820,4916,11489,2670
2025-06-28 17:02:58,598,0.0279,0.0142,0.00861,0.501,4692,4916,11840,2670
2025-06-28 17:02:59,599,0.0271,0.0143,0.0215,0.5,4596,4977,11652,12661
2025-06-28 17:03:00,600,0.0264,0.0142,0.023,0.501,4701,5104,11771,13636
2025-06-28 17:03:01,601,0.0271,0.012,0.0223,0.5,4754,4872,12141,13187
2025-06-28 17:03:02,602,0.0271,0.0119,0.0217,0.5,4828,4528,12063,12926
2025-06-28 17:03:03,603,0.0271,0.0121,0.0214,0.499,4886,4964,12236,12571
2025-06-28 17:03:04,604,0.0279,0.0116,0.0237,0.496,4611,5160,12248,14048
2025-06-28 17:03:05,605,0.0264,0.012,0.0218,0.498,4801,5025,12114,12790
2025-06-28 17:03:06,606,0.0264,0.0123,0.0217,0.498,4981,5183,11893,12676
2025-06-28 17:03:07,607,0.0279,0.0121,0.0218,0.499,4838,4905,12209,13353
2025-06-28 17:03:08,608,0.0279,0.0118,0.0219,0.498,4648,5024,11871,13677
2025-06-28 17:03:09,609,0.0271,0.0112,0.0205,0.497,4443,4702,11347,12800
2025-06-28 17:03:10,610,0.0271,0.0121,0.0213,0.499,4800,5102,12260,13217
2025-06-28 17:03:11,611,0.0271,0.0149,0.0205,0.499,4812,4971,12407,12653
2025-06-28 17:03:12,612,0.025,0.0137,0.0075,0.499,4426,4863,11412,2674
2025-06-28 17:03:13,613,0.0286,0.0149,0.0072,0.5,4811,4587,12406,2540
2025-06-28 17:03:14,614,0.0279,0.0144,0.00738,0.499,4678,4796,12125,2603
2025-06-28 17:03:15,615,0.0271,0.0145,0.00738,0.499,4793,4796,12193,2603
2025-06-28 17:03:16,616,0.0279,0.0147,0.00742,0.499,4714,4817,12283,2635
2025-06-28 17:03:17,617,0.0271,0.0149,0.00732,0.499,4791,4694,12347,2586
2025-06-28 17:03:18,618,0.0271,0.0143,0.00739,0.501,4736,4778,12049,2635
2025-06-28 17:03:19,619,0.0286,0.0144,0.00737,0.501,4712,4741,12089,2629
2025-06-28 17:03:20,620,0.0279,0.0145,0.00701,0.501,4815,4546,12251,2460
2025-06-28 17:03:21,621,0.0264,0.0145,0.00699,0.5,4815,4689,12251,2514
2025-06-28 17:03:22,622,0.0279,0.0145,0.00713,0.501,4848,4748,11916,2584
2025-06-28 17:03:23,623,0.0271,0.0143,0.00717,0.501,4725,4767,12640,2595
2025-06-28 17:03:24,624,0.0279,0.012,0.00717,0.499,4845,4767,12238,2595
2025-06-28 17:03:25,625,0.0286,0.012,0.00699,0.499,4785,4546,11648,2510
2025-06-28 17:03:26,626,0.0279,0.0119,0.00742,0.5,4739,4999,11521,2718
2025-06-28 17:03:27,627,0.0264,0.0117,0.00742,0.498,4656,4999,11845,2718
2025-06-28 17:03:28,628,0.0271,0.0112,0.00694,0.499,4492,4534,11355,2503
2025-06-28 17:03:29,629,0.0286,0.0119,0.00636,0.501,4650,4220,12508,2286
2025-06-28 17:03:30,630,0.0271,0.0119,0.00645,0.5,4785,4280,12088,2318
2025-06-28 17:03:31,631,0.0264,0.011,0.00768,0.5,4417,4584,11158,2523
2025-06-28 17:03:32,632,0.0279,0.0122,0.0072,0.499,4788,4296,12412,2365
2025-06-28 17:03:33,633,0.0264,0.0118,0.0077,0.499,4702,4703,11964,2558
2025-06-28 17:03:34,634,0.0279,0.0118,0.00807,0.499,4712,4894,11459,2723
2025-06-28 17:03:35,635,0.0286,0.012,0.00805,0.499,4791,4854,12107,2671
2025-06-28 17:03:36,636,0.0271,0.012,0.00786,0.496,4791,4808,12107,2615
2025-06-28 17:03:37,637,0.0271,0.0145,0.00752,0.498,4711,4465,11694,2460
2025-06-28 17:03:38,638,0.0257,0.0137,0.00771,0.5,4517,4606,11414,2521
2025-06-28 17:03:39,639,0.0264,0.0145,0.00775,0.5,4797,4727,12208,2571
2025-06-28 17:03:40,640,0.0279,0.0148,0.00753,0.499,4841,4455,12549,2457
2025-06-28 17:03:41,641,0.0271,0.0148,0.00801,0.499,4841,4883,12549,2652
2025-06-28 17:03:42,642,0.0286,0.0145,0.00801,0.499,4801,4883,12223,2652
2025-06-28 17:03:43,643,0.0257,0.0145,0.00792,0.498,4801,4771,12223,2619
2025-06-28 17:03:44,644,0.0271,0.0141,0.00705,0.499,4668,4694,11872,2546
2025-06-28 17:03:45,645,0.0279,0.0147,0.00732,0.497,4867,4877,11727,2676
2025-06-28 17:03:46,646,0.0264,0.0147,0.00729,0.498,4867,4811,11727,2657
2025-06-28 17:03:47,647,0.0279,0.0147,0.00702,0.497,4673,4643,12702,2533
2025-06-28 17:03:48,648,0.0264,0.0137,0.00684,0.497,4377,4547,11729,2449
2025-06-28 17:03:49,649,0.0271,0.0144,0.00713,0.497,4667,4669,12092,2581
2025-06-28 17:03:50,650,0.0271,0.0113,0.00715,0.498,4438,4737,11354,2597
2025-06-28 17:03:51,651,0.0279,0.0118,0.00732,0.498,4666,4874,12304,2672
2025-06-28 17:03:52,652,0.0279,0.011,0.00722,0.496,4261,4778,11556,2639
2025-06-28 17:03:53,653,0.0279,0.0118,0.00701,0.497,4573,4663,12434,2544
2025-06-28 17:03:54,654,0.0264,0.0116,0.00728,0.498,4640,4874,11719,2672
2025-06-28 17:03:55,655,0.0279,0.0109,0.00703,0.498,4317,4670,10496,2582
2025-06-28 17:03:56,656,0.0264,0.0118,0.00691,0.498,4683,4645,11383,2517
2025-06-28 17:03:57,657,0.0279,0.0121,0.00691,0.499,4716,4645,12169,2517
2025-06-28 17:03:58,658,0.0279,0.0114,0.00934,0.498,4433,4793,11440,2654
2025-06-28 17:03:59,659,0.0271,0.0119,0.0105,0.5,4661,4782,12563,12957
2025-06-28 17:04:00,660,0.0271,0.0116,0.0111,0.499,4709,5174,11794,13474
2025-06-28 17:04:01,661,0.0264,0.0116,0.0111,0.5,4709,5174,11794,13474
2025-06-28 17:04:02,662,0.0279,0.0145,0.0108,0.501,4770,4946,12259,13462
2025-06-28 17:04:03,663,0.0264,0.0144,0.0104,0.501,4765,4911,12462,12498
2025-06-28 17:04:04,664,0.0271,0.0148,0.0104,0.503,4866,4759,11853,12877
2025-06-28 17:04:05,665,0.0271,0.0148,0.0213,0.502,4866,5030,11853,12801
2025-06-28 17:04:06,666,0.0279,0.0149,0.0234,0.502,4915,5194,12309,14218
2025-06-28 17:04:07,667,0.0264,0.0145,0.0219,0.503,4813,4976,12145,12888
2025-06-28 17:04:08,668,0.0279,0.0147,0.0219,0.501,4944,4876,11946,12950
2025-06-28 17:04:09,669,0.0279,0.0148,0.0215,0.502,4890,4486,12244,12883
2025-06-28 17:04:10,670,0.0279,0.015,0.0222,0.501,4901,5053,12059,13090
2025-06-28 17:04:11,671,0.0271,0.015,0.0203,0.499,4901,5155,12059,13189
2025-06-28 17:04:12,672,0.0271,0.0147,0.0203,0.501,4796,5155,12131,13189
2025-06-28 17:04:13,673,0.0279,0.0145,0.0179,0.501,4822,4652,11769,2532
2025-06-28 17:04:14,674,0.0264,0.0151,0.0189,0.504,4906,4417,12082,2418
2025-06-28 17:04:15,675,0.0279,0.012,0.0186,0.504,4765,4603,12055,2484
2025-06-28 17:04:16,676,0.0264,0.0121,0.0186,0.503,4799,4603,11700,2484
2025-06-28 17:04:17,677,0.0286,0.0123,0.0186,0.503,4801,4743,11810,2628
2025-06-28 17:04:18,678,0.0279,0.0121,0.0184,0.501,4757,4767,12246,2592
2025-06-28 17:04:19,679,0.0271,0.0121,0.00742,0.5,4768,4528,11727,2481
2025-06-28 17:04:20,680,0.0271,0.0121,0.00714,0.5,4768,4747,11727,2615
2025-06-28 17:04:21,681,0.0286,0.012,0.0071,0.498,4775,4770,12166,2594
2025-06-28 17:04:22,682,0.0279,0.0121,0.00734,0.499,4707,4862,12217,2705
2025-06-28 17:04:23,683,0.0264,0.012,0.00726,0.499,4783,4829,12116,2657
2025-06-28 17:04:24,684,0.0271,0.012,0.00694,0.499,4770,4616,12154,2510
2025-06-28 17:04:25,685,0.0279,0.012,0.00674,0.501,4729,4420,11630,2422
2025-06-28 17:04:26,686,0.0271,0.012,0.00903,0.5,4729,4817,11630,2601
2025-06-28 17:04:27,687,0.0271,0.0144,0.00903,0.499,4662,4817,12429,2601
2025-06-28 17:04:28,688,0.0286,0.0147,0.00903,0.496,4726,4739,12263,2611
2025-06-28 17:04:29,689,0.0271,0.0147,0.00903,0.496,4726,4739,12263,2611
2025-06-28 17:04:30,690,0.0271,0.0145,0.00876,0.496,4739,4662,12694,2518
2025-06-28 17:04:31,691,0.0271,0.0149,0.00871,0.496,4738,4548,12718,2474
2025-06-28 17:04:32,692,0.0264,0.0142,0.0089,0.498,4545,4712,12238,2544
2025-06-28 17:04:33,693,0.0264,0.0145,0.00913,0.499,4753,4795,12105,2605
2025-06-28 17:04:34,694,0.0271,0.0151,0.00913,0.5,4844,4795,11790,2605
2025-06-28 17:04:35,695,0.0257,0.0146,0.00908,0.501,4676,4817,12133,2633
2025-06-28 17:04:36,696,0.0264,0.0147,0.00889,0.501,4744,4649,12206,2531
2025-06-28 17:04:37,697,0.0279,0.0151,0.0095,0.501,4752,4867,12176,2681
2025-06-28 17:04:38,698,0.0279,0.0147,0.00916,0.501,4654,4860,12531,2657
2025-06-28 17:04:39,699,0.0257,0.0149,0.00749,0.5,4799,4826,12345,2656
2025-06-28 17:04:40,700,0.0279,0.0125,0.0073,0.499,4842,4662,11913,2583
2025-06-28 17:04:41,701,0.0271,0.0121,0.00687,0.5,4666,4422,12103,2420
2025-06-28 17:04:42,702,0.0286,0.012,0.00731,0.501,4758,4763,11479,2590
2025-06-28 17:04:43,703,0.0279,0.011,0.00721,0.5,4349,4594,10458,2529
2025-06-28 17:04:44,704,0.0286,0.012,0.0174,0.501,4746,4655,11449,2538
2025-06-28 17:04:45,705,0.0264,0.0124,0.0183,0.501,4961,4782,11831,2589
2025-06-28 17:04:46,706,0.0286,0.0125,0.0186,0.5,4910,4797,11961,2690
2025-06-28 17:04:47,707,0.0286,0.0122,0.0182,0.501,4717,4809,12632,2626
2025-06-28 17:04:48,708,0.0279,0.0124,0.0173,0.499,4887,4331,12355,2399
2025-06-28 17:04:49,709,0.0286,0.0121,0.0186,0.499,4700,4651,11967,2577
2025-06-28 17:04:50,710,0.0279,0.0117,0.0185,0.498,4576,4619,12081,2556
2025-06-28 17:04:51,711,0.0271,0.0122,0.0175,0.499,4789,4375,11552,2421
2025-06-28 17:04:52,712,0.0271,0.0122,0.019,0.5,4789,4748,11552,2628
2025-06-28 17:04:53,713,0.0286,0.0116,0.0189,0.5,4601,4761,12047,2611
2025-06-28 17:04:54,714,0.0279,0.0119,0.0178,0.5,4769,4903,11849,2670
2025-06-28 17:04:55,715,0.0279,0.015,0.0194,0.5,4865,4869,12287,2667
2025-06-28 17:04:56,716,0.0257,0.0148,0.018,0.499,4613,4713,12448,2601
2025-06-28 17:04:57,717,0.0271,0.0139,0.0178,0.499,4287,4493,11535,2464
2025-06-28 17:04:58,718,0.0264,0.015,0.00893,0.499,4768,5057,12781,13099
2025-06-28 17:04:59,719,0.0271,0.0143,0.00891,0.499,4483,5150,11933,12931
2025-06-28 17:05:00,720,0.0271,0.0149,0.00876,0.497,4797,5080,12573,12207
2025-06-28 17:05:01,721,0.0271,0.0149,0.00885,0.496,4755,4991,12038,13307
2025-06-28 17:05:02,722,0.0264,0.0149,0.00887,0.499,4861,4991,12068,13373
2025-06-28 17:05:03,723,0.0271,0.0141,0.00876,0.499,4583,5003,11376,13161
2025-06-28 17:05:04,724,0.0271,0.015,0.00895,0.499,4808,5191,12253,12526
2025-06-28 17:05:05,725,0.0264,0.0139,0.00904,0.497,4384,5102,11667,13672
2025-06-28 17:05:06,726,0.0271,0.0154,0.00913,0.497,4843,5208,12365,13813
2025-06-28 17:05:07,727,0.0271,0.0152,0.00901,0.497,4792,5137,12313,12485
2025-06-28 17:05:08,728,0.0279,0.0125,0.00909,0.497,4858,5023,12256,13572
2025-06-28 17:05:09,729,0.0271,0.0125,0.00917,0.496,4858,5213,12256,13249
2025-06-28 17:05:10,730,0.0293,0.0123,0.00895,0.498,4832,5104,12190,12346
2025-06-28 17:05:11,731,0.0271,0.0125,0.00793,0.499,4918,4867,11879,2731
2025-06-28 17:05:12,732,0.0279,0.0121,0.00781,0.497,4792,4877,11427,2710
2025-06-28 17:05:13,733,0.0286,0.0122,0.00712,0.497,4686,4662,12086,2565
2025-06-28 17:05:14,734,0.0264,0.0113,0.00698,0.499,4323,4614,11149,2494
2025-06-28 17:05:15,735,0.0279,0.0123,0.00707,0.501,4775,4679,12152,2527
2025-06-28 17:05:16,736,0.0286,0.0127,0.00707,0.499,4845,4679,12011,2527
2025-06-28 17:05:17,737,0.0271,0.0127,0.00723,0.499,4906,4752,12488,2608
2025-06-28 17:05:18,738,0.0279,0.0127,0.00712,0.5,4906,4701,12488,2557
2025-06-28 17:05:19,739,0.0286,0.0149,0.00725,0.499,4791,4751,11773,2615
2025-06-28 17:05:20,740,0.0271,0.0147,0.00709,0.499,4842,4602,12400,2550
2025-06-28 17:05:21,741,0.0279,0.015,0.00705,0.499,4894,4739,12455,2577
2025-06-28 17:05:22,742,0.0257,0.0142,0.00655,0.499,4512,4367,11631,2390
2025-06-28 17:05:23,743,0.0271,0.0148,0.00691,0.499,4666,4539,11945,2503
2025-06-28 17:05:24,744,0.0251,0.0146,0.00706,0.477,4777,4728,12158,2571
2025-06-28 17:05:25,745,0.0245,0.0142,0.00655,0.444,4485,4350,12104,2384
2025-06-28 17:05:26,746,0.0225,0.0145,0.00677,0.412,4563,4392,11583,2390
2025-06-28 17:05:27,747,0.0197,0.0132,0.00677,0.379,4074,4134,11575,2281
2025-06-28 17:05:28,748,0.0192,0.0124,0.00654,0.345,3607,3690,11783,2039
2025-06-28 17:05:29,749,0.0164,0.0124,0.0065,0.311,3607,3653,11783,2003
2025-06-28 17:05:30,750,0.0144,0.0111,0.00626,0.278,3060,3161,11479,1732
2025-06-28 17:05:31,751,0.0131,0.0102,0.00611,0.245,2665,2871,10624,1580
2025-06-28 17:05:32,752,0.0111,0.00677,0.00578,0.21,2241,2497,10339,1371
2025-06-28 17:05:33,753,0.00898,0.00703,0.00569,0.179,2250,2123,11504,1153
2025-06-28 17:05:34,754,0.0078,0.00603,0.00569,0.144,1789,2123,10330,1153
2025-06-28 17:05:35,755,0.00565,0.00583,0.00607,0.112,1602,1490,11213,833
2025-06-28 17:05:36,756,0.00478,0.00583,0.00596,0.0781,1602,1181,11213,647
