Time,t,structuralLive,structuralRotation,sessiond,relayd
2025-07-01 10:28:36,0,0.444254,0,0.0057139,0.5878152
2025-07-01 10:28:37,1,0.445,0,0.0057143,0.5871429
2025-07-01 10:28:38,2,0.4449682,0,0.0049996,0.5878152
2025-07-01 10:28:39,3,0.4442857,0,0.005,0.5871429
2025-07-01 10:28:40,4,0.445,0,0.005,0.5871429
2025-07-01 10:28:41,5,0.445,0,0.0035714,0.5871429
2025-07-01 10:28:42,6,0.4450318,0,0.004286,0.5864705
2025-07-01 10:28:43,7,0.445,0,0.005,0.5871429
2025-07-01 10:28:44,8,0.4442857,0,0.0042857,0.5871429
2025-07-01 10:28:45,9,0.4442857,0,0.005,0.5864286
2025-07-01 10:28:46,10,0.4443175,0,0.0050004,0.5871848
2025-07-01 10:28:47,11,0.444254,0,0.0049996,0.5871009
2025-07-01 10:28:48,12,0.4450318,0,0.0050004,0.5871848
2025-07-01 10:28:49,13,0.4442857,0,0.005,0.5878571
2025-07-01 10:28:50,14,0.4450318,0,0.004286,0.5871848
2025-07-01 10:28:51,15,0.4442857,0,0.0042857,0.5878571
2025-07-01 10:28:52,16,0.4450318,0,0.0057147,0.5871848
2025-07-01 10:28:53,17,0.445,0,0.0057143,0.5878571
2025-07-01 10:28:54,18,0.444254,0,0.0064281,0.5871009
2025-07-01 10:28:55,19,0.4435714,0,0.0064286,0.5871429
2025-07-01 10:28:56,20,0.444254,0,0.0057139,0.5878152
2025-07-01 10:28:57,21,0.4435714,0,0.0042857,0.5871429
2025-07-01 10:28:58,22,0.444254,0,0.0049996,0.5871009
2025-07-01 10:28:59,23,0.444254,0,0.0049996,0.5871009
2025-07-01 10:29:00,24,0.4435714,0,0.005,0.5878571
2025-07-01 10:29:01,25,0.4450318,0,0.0050004,0.5871848
2025-07-01 10:29:02,26,0.444254,0,0.0042854,0.5871009
2025-07-01 10:29:03,27,0.4442857,0,0.0035714,0.5864286
2025-07-01 10:29:04,28,0.4442857,0,0.005,0.5871429
2025-07-01 10:29:05,29,0.4442857,0,0.005,0.5864286
2025-07-01 10:29:06,30,0.4442857,0,0.0035714,0.5864286
2025-07-01 10:29:07,31,0.4442857,0,0.0042857,0.5864286
2025-07-01 10:29:08,32,0.445,0,0.0042857,0.5871429
2025-07-01 10:29:09,33,0.445,0,0.0042857,0.5864286
2025-07-01 10:29:10,34,0.4450318,0,0.0050004,0.5864705
2025-07-01 10:29:11,35,0.445,0,0.005,0.5864286
2025-07-01 10:29:12,36,0.4450318,0,0.004286,0.5871848
2025-07-01 10:29:13,37,0.4450318,0,0.004286,0.5878991
2025-07-01 10:29:14,38,0.4456825,0,0.0049996,0.5871009
2025-07-01 10:29:15,39,0.4442857,0,0.0057143,0.5878571
2025-07-01 10:29:16,40,0.4450318,0,0.006429,0.5871848
2025-07-01 10:29:17,41,0.445,0,0.0064286,0.5878571
2025-07-01 10:29:18,42,0.4442857,0,0.005,0.5871429
2025-07-01 10:29:19,43,0.4449682,0,0.0057139,0.5871009
2025-07-01 10:29:20,44,0.445,0,0.0057143,0.5878571
2025-07-01 10:29:21,45,0.4442857,0,0.0057143,0.5871429
2025-07-01 10:29:22,46,0.4443175,0,0.0057147,0.5864705
2025-07-01 10:29:23,47,0.445,0,0.0057143,0.5871429
2025-07-01 10:29:24,48,0.4442857,0,0.005,0.5871429
2025-07-01 10:29:25,49,0.4449682,0,0.0064281,0.5878152
2025-07-01 10:29:26,50,0.4442857,0,0.0064286,0.5871429
2025-07-01 10:29:27,51,0.4442857,0,0.0057143,0.5871429
2025-07-01 10:29:28,52,0.4443175,0,0.0050004,0.5864705
2025-07-01 10:29:29,53,0.4449682,0,0.0042854,0.5863867
2025-07-01 10:29:30,54,0.445,0,0.0035714,0.5871429
2025-07-01 10:29:31,55,0.4442857,0,0.005,0.5864286
2025-07-01 10:29:32,56,0.445,0,0.005,0.5871429
2025-07-01 10:29:33,57,0.4442857,0,0.0042857,0.5871429
2025-07-01 10:29:34,58,0.4435397,0,0.0049996,0.5863867
2025-07-01 10:29:35,59,0.4457143,0,0.0042857,0.5864286
2025-07-01 10:29:36,60,0.445,0,0.005,0.5878571
2025-07-01 10:29:37,61,0.4442857,0,0.005,0.5871429
2025-07-01 10:29:38,62,0.4449682,0,0.0057139,0.5871009
2025-07-01 10:29:39,63,0.4442857,0,0.0042857,0.5864286
2025-07-01 10:29:40,64,0.445,0,0.005,0.5864286
2025-07-01 10:29:41,65,0.445,0,0.005,0.5864286
2025-07-01 10:29:42,66,0.444254,0,0.0057139,0.5871009
2025-07-01 10:29:43,67,0.4443175,0,0.0057147,0.5864705
2025-07-01 10:29:44,68,0.4442857,0,0.0064286,0.5871429
2025-07-01 10:29:45,69,0.445,0,0.005,0.5871429
2025-07-01 10:29:46,70,0.4449682,0,0.0049996,0.5871009
2025-07-01 10:29:47,71,0.445,0,0.0057143,0.5871429
2025-07-01 10:29:48,72,0.445,0,0.0057143,0.5878571
2025-07-01 10:29:49,73,0.4442857,0,0.0057143,0.5885714
2025-07-01 10:29:50,74,0.445,0,0.0042857,0.5871429
2025-07-01 10:29:51,75,0.445,0,0.0042857,0.5878571
2025-07-01 10:29:52,76,0.4443175,0,0.0035717,0.5871848
2025-07-01 10:29:53,77,0.4443175,0,0.004286,0.5878991
2025-07-01 10:29:54,78,0.444254,0,0.0042854,0.5878152
2025-07-01 10:29:55,79,0.4442857,0,0.0042857,0.5878571
2025-07-01 10:29:56,80,0.4450318,0,0.0035717,0.5878991
2025-07-01 10:29:57,81,0.4442857,0,0.0035714,0.5885714
2025-07-01 10:29:58,82,0.4442857,0,0.005,0.5871429
2025-07-01 10:29:59,83,0.444254,0,0.0057139,0.5878152
2025-07-01 10:30:00,84,0.4443175,0,0.0057147,0.5878991
2025-07-01 10:30:01,85,0.4443175,0,0.0050004,0.5871848
2025-07-01 10:30:02,86,0.445,0,0.0042857,0.5871429
2025-07-01 10:30:03,87,0.4442857,0,0.005,0.5871429
2025-07-01 10:30:04,88,0.4435714,0,0.005,0.5871429
2025-07-01 10:30:05,89,0.4442857,0,0.0057143,0.5864286
2025-07-01 10:30:06,90,0.4442857,0,0.0057143,0.5878571
2025-07-01 10:30:07,91,0.445,0,0.005,0.5871429
2025-07-01 10:30:08,92,0.4443175,0,0.0050004,0.5871848
2025-07-01 10:30:09,93,0.445,0,0.005,0.5871429
2025-07-01 10:30:10,94,0.445,0,0.0057143,0.5871429
2025-07-01 10:30:11,95,0.4457143,0,0.0057143,0.5864286
2025-07-01 10:30:12,96,0.444254,0,0.0035712,0.5871009
2025-07-01 10:30:13,97,0.4450318,0,0.004286,0.5871848
2025-07-01 10:30:14,98,0.4442857,0,0.0042857,0.5871429
2025-07-01 10:30:15,99,0.445,0,0.005,0.5871429
2025-07-01 10:30:16,100,0.4443175,0,0.0050004,0.5871848
2025-07-01 10:30:17,101,0.4449682,0,0.0042854,0.5871009
2025-07-01 10:30:18,102,0.445,0,0.005,0.5871429
2025-07-01 10:30:19,103,0.445,0,0.005,0.5878571
2025-07-01 10:30:20,104,0.4457143,0,0.005,0.5871429
2025-07-01 10:30:21,105,0.4442857,0,0.0057143,0.5871429
2025-07-01 10:30:22,106,0.445,0,0.005,0.5871429
2025-07-01 10:30:23,107,0.4449682,0,0.0057139,0.5871009
2025-07-01 10:30:24,108,0.4442857,0,0.005,0.5864286
2025-07-01 10:30:25,109,0.4442857,0,0.005,0.5871429
2025-07-01 10:30:26,110,0.4457461,0,0.0057147,0.5871848
2025-07-01 10:30:27,111,0.4449682,0,0.0049996,0.5871009
2025-07-01 10:30:28,112,0.445,0,0.005,0.5864286
2025-07-01 10:30:29,113,0.445,0,0.0042857,0.5871429
2025-07-01 10:30:30,114,0.445,0,0.0057143,0.5871429
2025-07-01 10:30:31,115,0.445,0,0.0064286,0.5871429
2025-07-01 10:30:32,116,0.4449682,0,0.0057139,0.5863867
2025-07-01 10:30:33,117,0.4449682,0,0.0049996,0.5871009
2025-07-01 10:30:34,118,0.4442857,0,0.005,0.5864286
2025-07-01 10:30:35,119,0.445,0,0.0042857,0.5871429
2025-07-01 10:30:36,120,0.445,0,0.005,0.5864286
2025-07-01 10:30:37,121,0.4443175,0,0.004286,0.5864705
2025-07-01 10:30:38,122,0.4442857,0,0.0042857,0.5871429
2025-07-01 10:30:39,123,0.444254,0,0.0042854,0.5863867
2025-07-01 10:30:40,124,0.4435714,0,0.0042857,0.5857143
2025-07-01 10:30:41,125,0.4443175,0,0.004286,0.5857561
2025-07-01 10:30:42,126,0.4442857,0,0.0057143,0.5864286
2025-07-01 10:30:43,127,0.4442857,0,0.0057143,0.5864286
2025-07-01 10:30:44,128,0.4442857,0,0.0042857,0.5857143
2025-07-01 10:30:45,129,0.4436031,0,0.004286,0.5857561
2025-07-01 10:30:46,130,0.4443175,0,0.0050004,0.5871848
2025-07-01 10:30:47,131,0.4443175,0,0.0050004,0.5857561
2025-07-01 10:30:48,132,0.4435714,0,0.0057143,0.5864286
2025-07-01 10:30:49,133,0.4442857,0,0.0057143,0.5864286
2025-07-01 10:30:50,134,0.4435714,0,0.005,0.5871429
2025-07-01 10:30:51,135,0.445,0,0.0057143,0.5871429
2025-07-01 10:30:52,136,0.445,0,0.0064286,0.5864286
2025-07-01 10:30:53,137,0.4443175,0,0.006429,0.5871848
2025-07-01 10:30:54,138,0.4442857,0,0.0057143,0.5871429
2025-07-01 10:30:55,139,0.4435714,0,0.0057143,0.5864286
2025-07-01 10:30:56,140,0.444254,0,0.0049996,0.5863867
2025-07-01 10:30:57,141,0.4435714,0,0.005,0.5864286
2025-07-01 10:30:58,142,0.4435714,0,0.0057143,0.5871429
2025-07-01 10:30:59,143,0.4442857,0,0.005,0.5864286
2025-07-01 10:31:00,144,0.4442857,0,0.005,0.5864286
2025-07-01 10:31:01,145,0.4435714,0,0.0057143,0.5864286
2025-07-01 10:31:02,146,0.4442857,0,0.005,0.5871429
2025-07-01 10:31:03,147,0.4442857,0,0.0057143,0.5864286
2025-07-01 10:31:04,148,0.4442857,0,0.0057143,0.5864286
2025-07-01 10:31:05,149,0.4435714,0,0.005,0.5864286
2025-07-01 10:31:06,150,0.4435714,0,0.0042857,0.5871429
2025-07-01 10:31:07,151,0.444254,0,0.0049996,0.5871009
2025-07-01 10:31:08,152,0.445,0,0.005,0.5871429
2025-07-01 10:31:09,153,0.4449682,0,0.0042854,0.5871009
2025-07-01 10:31:10,154,0.4443175,0,0.0035717,0.5871848
2025-07-01 10:31:11,155,0.445,0,0.0035714,0.5871429
2025-07-01 10:31:12,156,0.445,0,0.0035714,0.5864286
2025-07-01 10:31:13,157,0.4442857,0,0.0042857,0.5871429
2025-07-01 10:31:14,158,0.445,0,0.0035714,0.5871429
2025-07-01 10:31:15,159,0.445,0,0.0028571,0.5871429
2025-07-01 10:31:16,160,0.4449682,0,0.0035712,0.5863867
2025-07-01 10:31:17,161,0.444254,0,0.0028569,0.5871009
2025-07-01 10:31:18,162,0.445,0,0.0035714,0.5864286
2025-07-01 10:31:19,163,0.4442857,0,0.0042857,0.5864286
2025-07-01 10:31:20,164,0.4442857,0,0.0057143,0.5857143
2025-07-01 10:31:21,165,0.4443175,0,0.0050004,0.5857561
2025-07-01 10:31:22,166,0.444254,0,0.0049996,0.5863867
2025-07-01 10:31:23,167,0.4442857,0,0.005,0.5864286
2025-07-01 10:31:24,168,0.4449682,0,0.0049996,0.5871009
2025-07-01 10:31:25,169,0.4442857,0,0.0064286,0.5871429
2025-07-01 10:31:26,170,0.445,0,0.0057143,0.5871429
2025-07-01 10:31:27,171,0.4449682,0,0.0057139,0.5871009
2025-07-01 10:31:28,172,0.4435714,0,0.0057143,0.5864286
2025-07-01 10:31:29,173,0.4435714,0,0.0057143,0.5871429
2025-07-01 10:31:30,174,0.4443175,0,0.0050004,0.5871848
2025-07-01 10:31:31,175,0.445,0,0.0057143,0.5864286
2025-07-01 10:31:32,176,0.4442857,0,0.005,0.5871429
2025-07-01 10:31:33,177,0.445,0,0.0057143,0.5871429
2025-07-01 10:31:34,178,0.445,0,0.0042857,0.5878571
2025-07-01 10:31:35,179,0.4442857,0,0.005,0.5871429
2025-07-01 10:31:36,180,0.4442857,0,0.005,0.5871429
2025-07-01 10:31:37,181,0.4443175,0,0.0050004,0.5878991
2025-07-01 10:31:38,182,0.4435714,0,0.0057143,0.5871429
2025-07-01 10:31:39,183,0.4435714,0,0.005,0.5871429
2025-07-01 10:31:40,184,0.4435714,0,0.005,0.5871429
2025-07-01 10:31:41,185,0.4442857,0,0.0042857,0.5871429
2025-07-01 10:31:42,186,0.4442857,0,0.005,0.5878571
2025-07-01 10:31:43,187,0.4442857,0,0.0057143,0.5871429
2025-07-01 10:31:44,188,0.4442857,0,0.0064286,0.5871429
2025-07-01 10:31:45,189,0.4436031,0,0.0057147,0.5871848
2025-07-01 10:31:46,190,0.4435714,0,0.0057143,0.5871429
2025-07-01 10:31:47,191,0.4428571,0,0.0042857,0.5871429
2025-07-01 10:31:48,192,0.4435714,0,0.005,0.5864286
2025-07-01 10:31:49,193,0.4442857,0,0.005,0.5878571
2025-07-01 10:31:50,194,0.4443175,0,0.0050004,0.5871848
2025-07-01 10:31:51,195,0.4435714,0,0.0057143,0.5871429
2025-07-01 10:31:52,196,0.4443175,0,0.0050004,0.5864705
2025-07-01 10:31:53,197,0.4442857,0,0.005,0.5871429
2025-07-01 10:31:54,198,0.4442857,0,0.005,0.5871429
2025-07-01 10:31:55,199,0.4443175,0,0.0050004,0.5864705
2025-07-01 10:31:56,200,0.444254,0,0.0042854,0.5871009
2025-07-01 10:31:57,201,0.4442857,0,0.0042857,0.5871429
2025-07-01 10:31:58,202,0.4442857,0,0.0042857,0.5864286
2025-07-01 10:31:59,203,0.4442857,0,0.0042857,0.5871429
2025-07-01 10:32:00,204,0.445,0,0.0042857,0.5864286
2025-07-01 10:32:01,205,0.4457143,0,0.0042857,0.5864286
2025-07-01 10:32:02,206,0.4442857,0,0.0042857,0.5871429
2025-07-01 10:32:03,207,0.444254,0,0.0035712,0.5863867
2025-07-01 10:32:04,208,0.4442857,0,0.0057143,0.5864286
2025-07-01 10:32:05,209,0.445,0,0.005,0.5857143
2025-07-01 10:32:06,210,0.4449682,0,0.0049996,0.5863867
2025-07-01 10:32:07,211,0.4456825,0,0.0042854,0.5856725
2025-07-01 10:32:08,212,0.4442857,0,0.0057143,0.5864286
2025-07-01 10:32:09,213,0.4442857,0,0.0064286,0.5864286
2025-07-01 10:32:10,214,0.4443175,0,0.006429,0.5857561
2025-07-01 10:32:11,215,0.445,0,0.0064286,0.5857143
2025-07-01 10:32:12,216,0.4442857,0,0.0057143,0.5871429
2025-07-01 10:32:13,217,0.4442857,0,0.0064286,0.5864286
2025-07-01 10:32:14,218,0.4442857,0,0.0064286,0.5871429
2025-07-01 10:32:15,219,0.4442857,0,0.0064286,0.5871429
2025-07-01 10:32:16,220,0.445,0,0.0057143,0.5864286
2025-07-01 10:32:17,221,0.4443175,0,0.0057147,0.5864705
2025-07-01 10:32:18,222,0.444254,0,0.0035712,0.5871009
2025-07-01 10:32:19,223,0.4442857,0,0.0042857,0.5871429
2025-07-01 10:32:20,224,0.4436031,0,0.004286,0.5871848
2025-07-01 10:32:21,225,0.4436031,0,0.0050004,0.5871848
2025-07-01 10:32:22,226,0.4442857,0,0.0035714,0.5864286
2025-07-01 10:32:23,227,0.444254,0,0.0028569,0.5863867
2025-07-01 10:32:24,228,0.445,0,0.0035714,0.5864286
2025-07-01 10:32:25,229,0.4442857,0,0.0035714,0.5878571
2025-07-01 10:32:26,230,0.4442857,0,0.0035714,0.5864286
2025-07-01 10:32:27,231,0.445,0,0.0028571,0.5871429
2025-07-01 10:32:28,232,0.4442857,0,0.0042857,0.5864286
2025-07-01 10:32:29,233,0.4435397,0,0.0042854,0.5863867
2025-07-01 10:32:30,234,0.4442857,0,0.0042857,0.5864286
2025-07-01 10:32:31,235,0.444254,0,0.0042854,0.5863867
2025-07-01 10:32:32,236,0.4435714,0,0.0042857,0.5864286
2025-07-01 10:32:33,237,0.4435714,0,0.0042857,0.5864286
2025-07-01 10:32:34,238,0.4442857,0,0.005,0.5871429
2025-07-01 10:32:35,239,0.4442857,0,0.0042857,0.5864286
2025-07-01 10:32:36,240,0.4442857,0,0.005,0.5871429
2025-07-01 10:32:37,241,0.4436031,0,0.006429,0.5878991
2025-07-01 10:32:38,242,0.4435714,0,0.0057143,0.5878571
2025-07-01 10:32:39,243,0.4442857,0,0.0057143,0.5864286
2025-07-01 10:32:40,244,0.4442857,0,0.0057143,0.5864286
2025-07-01 10:32:41,245,0.4435397,0,0.0064281,0.5863867
2025-07-01 10:32:42,246,0.4442857,0,0.0057143,0.5871429
2025-07-01 10:32:43,247,0.4443175,0,0.006429,0.5871848
2025-07-01 10:32:44,248,0.4442857,0,0.0064286,0.5878571
2025-07-01 10:32:45,249,0.4443175,0,0.0071434,0.5871848
2025-07-01 10:32:46,250,0.4442857,0,0.0078571,0.5871429
2025-07-01 10:32:47,251,0.445,0,0.0078571,0.5871429
2025-07-01 10:32:48,252,0.445,0,0.0071429,0.5857143
2025-07-01 10:32:49,253,0.4442857,0,0.0071429,0.5864286
2025-07-01 10:32:50,254,0.444254,0,0.0064281,0.5863867
2025-07-01 10:32:51,255,0.4449682,0,0.0049996,0.5863867
2025-07-01 10:32:52,256,0.445,0,0.0064286,0.5857143
2025-07-01 10:32:53,257,0.444254,0,0.0057139,0.5863867
2025-07-01 10:32:54,258,0.444254,0,0.0057139,0.5871009
2025-07-01 10:32:55,259,0.4450318,0,0.0050004,0.5864705
2025-07-01 10:32:56,260,0.4442857,0,0.0042857,0.5864286
2025-07-01 10:32:57,261,0.4442857,0,0.0035714,0.5857143
2025-07-01 10:32:58,262,0.4442857,0,0.005,0.5857143
2025-07-01 10:32:59,263,0.445,0,0.0057143,0.5857143
2025-07-01 10:33:00,264,0.4450318,0,0.0050004,0.5857561
2025-07-01 10:33:01,265,0.4442857,0,0.0042857,0.5864286
2025-07-01 10:33:02,266,0.4442857,0,0.0042857,0.5864286
2025-07-01 10:33:03,267,0.445,0,0.0042857,0.5864286
2025-07-01 10:33:04,268,0.4443175,0,0.0050004,0.5864705
2025-07-01 10:33:05,269,0.4443175,0,0.0050004,0.5864705
2025-07-01 10:33:06,270,0.444254,0,0.0035712,0.5871009
2025-07-01 10:33:07,271,0.4442857,0,0.0035714,0.5864286
2025-07-01 10:33:08,272,0.4450318,0,0.0035717,0.5864705
2025-07-01 10:33:09,273,0.4442857,0,0.0057143,0.5871429
2025-07-01 10:33:10,274,0.445,0,0.0057143,0.5864286
2025-07-01 10:33:11,275,0.445,0,0.0057143,0.5878571
2025-07-01 10:33:12,276,0.4442857,0,0.0042857,0.5871429
2025-07-01 10:33:13,277,0.4442857,0,0.0035714,0.5871429
2025-07-01 10:33:14,278,0.445,0,0.0042857,0.5871429
2025-07-01 10:33:15,279,0.445,0,0.005,0.5871429
2025-07-01 10:33:16,280,0.4442857,0,0.0057143,0.5878571
2025-07-01 10:33:17,281,0.4435397,0,0.0057139,0.5871009
2025-07-01 10:33:18,282,0.445,0,0.0064286,0.5864286
2025-07-01 10:33:19,283,0.4442857,0,0.0064286,0.5857143
2025-07-01 10:33:20,284,0.4443175,0,0.006429,0.5857561
2025-07-01 10:33:21,285,0.445,0,0.0071429,0.5864286
2025-07-01 10:33:22,286,0.4442857,0,0.0071429,0.5857143
2025-07-01 10:33:23,287,0.4442857,0,0.0057143,0.5864286
2025-07-01 10:33:24,288,0.4442857,0,0.0057143,0.5864286
2025-07-01 10:33:25,289,0.4442857,0,0.0057143,0.5857143
2025-07-01 10:33:26,290,0.4449682,0,0.0057139,0.5863867
2025-07-01 10:33:27,291,0.4435714,0,0.0064286,0.5864286
2025-07-01 10:33:28,292,0.4435714,0,0.0057143,0.5864286
2025-07-01 10:33:29,293,0.4435714,0,0.005,0.5864286
2025-07-01 10:33:30,294,0.4442857,0,0.0042857,0.5864286
2025-07-01 10:33:31,295,0.4443175,0,0.004286,0.5864705
2025-07-01 10:33:32,296,0.4442857,0,0.0035714,0.5871429
2025-07-01 10:33:33,297,0.4442857,0,0.0042857,0.5871429
2025-07-01 10:33:34,298,0.4442857,0,0.0042857,0.5871429
2025-07-01 10:33:35,299,0.4436031,0,0.0035717,0.5871848
2025-07-01 10:33:36,300,0.4435714,0,0.0035714,0.5871429
2025-07-01 10:33:37,301,0.445,0,0.0035714,0.5864286
2025-07-01 10:33:38,302,0.4435714,0,0.0042857,0.5871429
2025-07-01 10:33:39,303,0.4442857,0,0.0042857,0.5864286
2025-07-01 10:33:40,304,0.4436031,0,0.0050004,0.5864705
2025-07-01 10:33:41,305,0.4442857,0,0.0035714,0.5871429
2025-07-01 10:33:42,306,0.444254,0,0.0035712,0.5871009
2025-07-01 10:33:43,307,0.4442857,0,0.0035714,0.5871429
2025-07-01 10:33:44,308,0.4442857,0,0.005,0.5864286
2025-07-01 10:33:45,309,0.4442857,0,0.0057143,0.5871429
2025-07-01 10:33:46,310,0.4435397,0,0.0057139,0.5871009
2025-07-01 10:33:47,311,0.4442857,0,0.005,0.5871429
2025-07-01 10:33:48,312,0.4442857,0,0.005,0.5871429
2025-07-01 10:33:49,313,0.4435714,0,0.005,0.5871429
2025-07-01 10:33:50,314,0.4442857,0,0.0057143,0.5871429
2025-07-01 10:33:51,315,0.4435714,0,0.005,0.5871429
2025-07-01 10:33:52,316,0.445,0,0.0042857,0.5871429
2025-07-01 10:33:53,317,0.4435397,0,0.0049996,0.5871009
2025-07-01 10:33:54,318,0.444254,0,0.0049996,0.5871009
2025-07-01 10:33:55,319,0.4442857,0,0.005,0.5864286
2025-07-01 10:33:56,320,0.4443175,0,0.0057147,0.5864705
2025-07-01 10:33:57,321,0.4442857,0,0.0064286,0.5864286
2025-07-01 10:33:58,322,0.4442857,0,0.005,0.5864286
2025-07-01 10:33:59,323,0.4442857,0,0.005,0.5857143
2025-07-01 10:34:00,324,0.4450318,0,0.0050004,0.5857561
2025-07-01 10:34:01,325,0.4442857,0,0.005,0.5864286
2025-07-01 10:34:02,326,0.4435714,0,0.005,0.5864286
2025-07-01 10:34:03,327,0.4449682,0,0.0049996,0.5863867
2025-07-01 10:34:04,328,0.4442857,0,0.005,0.5864286
2025-07-01 10:34:05,329,0.4435714,0,0.005,0.5857143
2025-07-01 10:34:06,330,0.4435714,0,0.005,0.5864286
2025-07-01 10:34:07,331,0.445,0,0.0042857,0.5864286
2025-07-01 10:34:08,332,0.4442857,0,0.0035714,0.5864286
2025-07-01 10:34:09,333,0.444254,0,0.0049996,0.5863867
2025-07-01 10:34:10,334,0.4435714,0,0.0042857,0.5857143
2025-07-01 10:34:11,335,0.4442857,0,0.0042857,0.5864286
2025-07-01 10:34:12,336,0.4435714,0,0.0042857,0.5864286
2025-07-01 10:34:13,337,0.4442857,0,0.0035714,0.5864286
2025-07-01 10:34:14,338,0.4435714,0,0.0035714,0.5864286
2025-07-01 10:34:15,339,0.4435714,0,0.0035714,0.5857143
2025-07-01 10:34:16,340,0.4442857,0,0.0035714,0.5857143
2025-07-01 10:34:17,341,0.4436031,0,0.004286,0.5850418
2025-07-01 10:34:18,342,0.444254,0,0.0035712,0.5863867
2025-07-01 10:34:19,343,0.4442857,0,0.005,0.5864286
2025-07-01 10:34:20,344,0.4435714,0,0.0057143,0.585
2025-07-01 10:34:21,345,0.4436031,0,0.0057147,0.5857561
2025-07-01 10:34:22,346,0.4443175,0,0.0057147,0.5857561
2025-07-01 10:34:23,347,0.4443175,0,0.004286,0.5857561
2025-07-01 10:34:24,348,0.4442857,0,0.005,0.5864286
2025-07-01 10:34:25,349,0.4435714,0,0.0042857,0.585
2025-07-01 10:34:26,350,0.444254,0,0.0042854,0.5856725
2025-07-01 10:34:27,351,0.4435397,0,0.0057139,0.5863867
2025-07-01 10:34:28,352,0.4442857,0,0.005,0.5864286
2025-07-01 10:34:29,353,0.4442857,0,0.005,0.5871429
2025-07-01 10:34:30,354,0.4435714,0,0.005,0.5871429
2025-07-01 10:34:31,355,0.4442857,0,0.005,0.5871429
2025-07-01 10:34:32,356,0.4443175,0,0.006429,0.5864705
2025-07-01 10:34:33,357,0.4442857,0,0.005,0.5864286
2025-07-01 10:34:34,358,0.444254,0,0.0042854,0.5871009
2025-07-01 10:34:35,359,0.4442857,0,0.005,0.5871429
2025-07-01 10:34:36,360,0.4435714,0,0.0057143,0.5864286
2025-07-01 10:34:37,361,0.4442857,0,0.0064286,0.5871429
2025-07-01 10:34:38,362,0.4442857,0,0.0057143,0.5871429
2025-07-01 10:34:39,363,0.4442857,0,0.0064286,0.5871429
2025-07-01 10:34:40,364,0.4443175,0,0.006429,0.5871848
2025-07-01 10:34:41,365,0.4443175,0,0.0050004,0.5871848
2025-07-01 10:34:42,366,0.445,0,0.0057143,0.5864286
2025-07-01 10:34:43,367,0.445,0,0.0071429,0.5864286
2025-07-01 10:34:44,368,0.445,0,0.0071429,0.5864286
2025-07-01 10:34:45,369,0.4442857,0,0.0064286,0.5864286
2025-07-01 10:34:46,370,0.4442857,0,0.005,0.5864286
2025-07-01 10:34:47,371,0.4442857,0,0.005,0.5864286
2025-07-01 10:34:48,372,0.4450318,0,0.0050004,0.5871848
2025-07-01 10:34:49,373,0.4442857,0,0.0042857,0.5864286
2025-07-01 10:34:50,374,0.445,0,0.005,0.5871429
2025-07-01 10:34:51,375,0.4442857,0,0.005,0.5864286
2025-07-01 10:34:52,376,0.4442857,0,0.005,0.5864286
2025-07-01 10:34:53,377,0.445,0,0.0057143,0.5864286
2025-07-01 10:34:54,378,0.4442857,0,0.0057143,0.5871429
2025-07-01 10:34:55,379,0.445,0,0.0057143,0.5864286
2025-07-01 10:34:56,380,0.4442857,0,0.0057143,0.5871429
2025-07-01 10:34:57,381,0.4435397,0,0.0049996,0.5863867
2025-07-01 10:34:58,382,0.445,0,0.005,0.5864286
2025-07-01 10:34:59,383,0.445,0,0.005,0.5871429
2025-07-01 10:35:00,384,0.444254,0,0.0049996,0.5863867
2025-07-01 10:35:01,385,0.445,0,0.005,0.5871429
2025-07-01 10:35:02,386,0.4442857,0,0.0057143,0.5864286
2025-07-01 10:35:03,387,0.4442857,0,0.0057143,0.5871429
2025-07-01 10:35:04,388,0.444254,0,0.0049996,0.5863867
2025-07-01 10:35:05,389,0.4435714,0,0.0042857,0.5871429
2025-07-01 10:35:06,390,0.4442857,0,0.0042857,0.5864286
2025-07-01 10:35:07,391,0.4435714,0,0.0028571,0.5871429
2025-07-01 10:35:08,392,0.4442857,0,0.0035714,0.5857143
2025-07-01 10:35:09,393,0.4435397,0,0.0049996,0.5856725
2025-07-01 10:35:10,394,0.4435714,0,0.005,0.5857143
2025-07-01 10:35:11,395,0.4443175,0,0.004286,0.5864705
2025-07-01 10:35:12,396,0.4428571,0,0.0042857,0.5864286
2025-07-01 10:35:13,397,0.4435714,0,0.0064286,0.5857143
2025-07-01 10:35:14,398,0.4443175,0,0.006429,0.5864705
2025-07-01 10:35:15,399,0.4435714,0,0.0064286,0.5857143
2025-07-01 10:35:16,400,0.4435714,0,0.0057143,0.5857143
2025-07-01 10:35:17,401,0.4435714,0,0.0057143,0.5857143
2025-07-01 10:35:18,402,0.4436031,0,0.0050004,0.5857561
2025-07-01 10:35:19,403,0.4442857,0,0.0057143,0.5857143
2025-07-01 10:35:20,404,0.4435397,0,0.0064281,0.5863867
2025-07-01 10:35:21,405,0.4442857,0,0.0064286,0.5857143
2025-07-01 10:35:22,406,0.4435714,0,0.0057143,0.5864286
2025-07-01 10:35:23,407,0.4443175,0,0.0050004,0.5864705
2025-07-01 10:35:24,408,0.4435714,0,0.005,0.5871429
2025-07-01 10:35:25,409,0.4435714,0,0.005,0.5864286
2025-07-01 10:35:26,410,0.4442857,0,0.005,0.5864286
2025-07-01 10:35:27,411,0.4435397,0,0.0035712,0.5863867
2025-07-01 10:35:28,412,0.4428571,0,0.0042857,0.5864286
2025-07-01 10:35:29,413,0.4435397,0,0.0049996,0.5871009
2025-07-01 10:35:30,414,0.4435714,0,0.005,0.5864286
2025-07-01 10:35:31,415,0.444254,0,0.0049996,0.5863867
2025-07-01 10:35:32,416,0.444254,0,0.0057139,0.5863867
2025-07-01 10:35:33,417,0.4442857,0,0.005,0.5871429
2025-07-01 10:35:34,418,0.4442857,0,0.0057143,0.5864286
2025-07-01 10:35:35,419,0.4435714,0,0.0057143,0.5871429
2025-07-01 10:35:36,420,0.4442857,0,0.0057143,0.5864286
2025-07-01 10:35:37,421,0.4435714,0,0.005,0.5871429
2025-07-01 10:35:38,422,0.4435714,0,0.005,0.5864286
2025-07-01 10:35:39,423,0.4442857,0,0.005,0.5864286
2025-07-01 10:35:40,424,0.4435714,0,0.005,0.5857143
2025-07-01 10:35:41,425,0.4442857,0,0.005,0.5864286
2025-07-01 10:35:42,426,0.4449682,0,0.0042854,0.5856725
2025-07-01 10:35:43,427,0.4442857,0,0.0035714,0.5857143
2025-07-01 10:35:44,428,0.445,0,0.005,0.5864286
2025-07-01 10:35:45,429,0.4443175,0,0.0050004,0.5864705
2025-07-01 10:35:46,430,0.4436031,0,0.0050004,0.5864705
2025-07-01 10:35:47,431,0.4435714,0,0.005,0.5857143
2025-07-01 10:35:48,432,0.4443175,0,0.0035717,0.5864705
2025-07-01 10:35:49,433,0.4449682,0,0.0049996,0.5856725
2025-07-01 10:35:50,434,0.4442857,0,0.005,0.5864286
2025-07-01 10:35:51,435,0.4442857,0,0.005,0.5864286
2025-07-01 10:35:52,436,0.445,0,0.0042857,0.5864286
2025-07-01 10:35:53,437,0.444254,0,0.0042854,0.5871009
2025-07-01 10:35:54,438,0.445,0,0.005,0.5871429
2025-07-01 10:35:55,439,0.4443175,0,0.004286,0.5871848
2025-07-01 10:35:56,440,0.4436031,0,0.0050004,0.5871848
2025-07-01 10:35:57,441,0.4443175,0,0.0057147,0.5871848
2025-07-01 10:35:58,442,0.4435714,0,0.0042857,0.5864286
2025-07-01 10:35:59,443,0.4435714,0,0.0042857,0.5864286
2025-07-01 10:36:00,444,0.4442857,0,0.0035714,0.5864286
2025-07-01 10:36:01,445,0.444254,0,0.0042854,0.5863867
2025-07-01 10:36:02,446,0.444254,0,0.0042854,0.5863867
2025-07-01 10:36:03,447,0.4428888,0,0.0028573,0.5864705
2025-07-01 10:36:04,448,0.4435397,0,0.0028569,0.5856725
2025-07-01 10:36:05,449,0.4442857,0,0.0042857,0.5857143
2025-07-01 10:36:06,450,0.4435397,0,0.0057139,0.5856725
2025-07-01 10:36:07,451,0.4436031,0,0.0057147,0.5850418
2025-07-01 10:36:08,452,0.4435714,0,0.005,0.5857143
2025-07-01 10:36:09,453,0.4435714,0,0.005,0.5857143
2025-07-01 10:36:10,454,0.4435714,0,0.005,0.5857143
2025-07-01 10:36:11,455,0.4435714,0,0.0042857,0.5857143
2025-07-01 10:36:12,456,0.4442857,0,0.005,0.5857143
2025-07-01 10:36:13,457,0.4442857,0,0.0057143,0.5864286
2025-07-01 10:36:14,458,0.4435714,0,0.0057143,0.5864286
2025-07-01 10:36:15,459,0.4443175,0,0.0050004,0.5864705
2025-07-01 10:36:16,460,0.4443175,0,0.0050004,0.5857561
2025-07-01 10:36:17,461,0.445,0,0.0057143,0.5857143
2025-07-01 10:36:18,462,0.445,0,0.0057143,0.5871429
2025-07-01 10:36:19,463,0.444254,0,0.0057139,0.5863867
2025-07-01 10:36:20,464,0.4443175,0,0.0050004,0.5864705
2025-07-01 10:36:21,465,0.4449682,0,0.0057139,0.5863867
2025-07-01 10:36:22,466,0.4442857,0,0.0057143,0.5864286
2025-07-01 10:36:23,467,0.4442857,0,0.0057143,0.5857143
2025-07-01 10:36:24,468,0.445,0,0.005,0.5864286
2025-07-01 10:36:25,469,0.4442857,0,0.0057143,0.5857143
2025-07-01 10:36:26,470,0.4442857,0,0.0057143,0.5864286
2025-07-01 10:36:27,471,0.445,0,0.005,0.5864286
2025-07-01 10:36:28,472,0.445,0,0.0057143,0.5864286
2025-07-01 10:36:29,473,0.4442857,0,0.0057143,0.5857143
2025-07-01 10:36:30,474,0.4442857,0,0.0057143,0.5864286
2025-07-01 10:36:31,475,0.444254,0,0.0049996,0.5863867
2025-07-01 10:36:32,476,0.4435714,0,0.0057143,0.5857143
2025-07-01 10:36:33,477,0.4443175,0,0.004286,0.5857561
2025-07-01 10:36:34,478,0.4442857,0,0.0042857,0.585
2025-07-01 10:36:35,479,0.4436031,0,0.004286,0.5857561
2025-07-01 10:36:36,480,0.444254,0,0.0042854,0.5856725
2025-07-01 10:36:37,481,0.4442857,0,0.0042857,0.5864286
2025-07-01 10:36:38,482,0.4435714,0,0.0042857,0.5857143
2025-07-01 10:36:39,483,0.4442857,0,0.0042857,0.5864286
2025-07-01 10:36:40,484,0.4435714,0,0.0042857,0.5864286
2025-07-01 10:36:41,485,0.4435714,0,0.0042857,0.5857143
2025-07-01 10:36:42,486,0.4435397,0,0.0035712,0.5856725
2025-07-01 10:36:43,487,0.4435397,0,0.0049996,0.5856725
2025-07-01 10:36:44,488,0.4435714,0,0.0057143,0.5857143
2025-07-01 10:36:45,489,0.4436031,0,0.006429,0.5857561
2025-07-01 10:36:46,490,0.4436031,0,0.0057147,0.5857561
2025-07-01 10:36:47,491,0.4435714,0,0.0064286,0.5857143
2025-07-01 10:36:48,492,0.4435714,0,0.0057143,0.5864286
2025-07-01 10:36:49,493,0.4435714,0,0.0057143,0.5864286
2025-07-01 10:36:50,494,0.4436031,0,0.0057147,0.5857561
2025-07-01 10:36:51,495,0.4435714,0,0.0064286,0.5857143
2025-07-01 10:36:52,496,0.4435714,0,0.0064286,0.5864286
2025-07-01 10:36:53,497,0.4435397,0,0.0057139,0.5856725
2025-07-01 10:36:54,498,0.4435714,0,0.0057143,0.585
2025-07-01 10:36:55,499,0.4428571,0,0.0057143,0.585
2025-07-01 10:36:56,500,0.4436031,0,0.0057147,0.5857561
2025-07-01 10:36:57,501,0.4436031,0,0.004286,0.5857561
2025-07-01 10:36:58,502,0.4435714,0,0.0042857,0.5857143
2025-07-01 10:36:59,503,0.4435714,0,0.005,0.5864286
2025-07-01 10:37:00,504,0.4442857,0,0.0057143,0.5857143
2025-07-01 10:37:01,505,0.4435397,0,0.0049996,0.5863867
2025-07-01 10:37:02,506,0.4435714,0,0.005,0.5864286
2025-07-01 10:37:03,507,0.444254,0,0.0042854,0.5856725
2025-07-01 10:37:04,508,0.4435714,0,0.0042857,0.5857143
2025-07-01 10:37:05,509,0.4442857,0,0.005,0.5857143
2025-07-01 10:37:06,510,0.4442857,0,0.0057143,0.5857143
2025-07-01 10:37:07,511,0.4435714,0,0.0057143,0.5857143
2025-07-01 10:37:08,512,0.444254,0,0.0049996,0.5863867
2025-07-01 10:37:09,513,0.4442857,0,0.005,0.5857143
2025-07-01 10:37:10,514,0.4442857,0,0.005,0.5857143
2025-07-01 10:37:11,515,0.4442857,0,0.0057143,0.5857143
2025-07-01 10:37:12,516,0.4435714,0,0.0057143,0.5857143
2025-07-01 10:37:13,517,0.4442857,0,0.0042857,0.5857143
2025-07-01 10:37:14,518,0.4435714,0,0.0035714,0.5857143
2025-07-01 10:37:15,519,0.4436031,0,0.004286,0.5857561
2025-07-01 10:37:16,520,0.4442857,0,0.0042857,0.585
2025-07-01 10:37:17,521,0.4436031,0,0.0050004,0.5857561
2025-07-01 10:37:18,522,0.4435397,0,0.0057139,0.5863867
2025-07-01 10:37:19,523,0.4435714,0,0.0042857,0.5857143
2025-07-01 10:37:20,524,0.4435714,0,0.0035714,0.5864286
2025-07-01 10:37:21,525,0.4442857,0,0.0042857,0.5864286
2025-07-01 10:37:22,526,0.4436031,0,0.004286,0.5864705
2025-07-01 10:37:23,527,0.444254,0,0.0042854,0.5863867
2025-07-01 10:37:24,528,0.4435397,0,0.0049996,0.5863867
2025-07-01 10:37:25,529,0.4442857,0,0.0057143,0.5864286
2025-07-01 10:37:26,530,0.4442857,0,0.005,0.5864286
2025-07-01 10:37:27,531,0.4435714,0,0.0057143,0.5857143
2025-07-01 10:37:28,532,0.444254,0,0.0057139,0.5863867
2025-07-01 10:37:29,533,0.445,0,0.0057143,0.5864286
2025-07-01 10:37:30,534,0.4442857,0,0.0057143,0.5871429
2025-07-01 10:37:31,535,0.445,0,0.005,0.5864286
2025-07-01 10:37:32,536,0.4443175,0,0.004286,0.5857561
2025-07-01 10:37:33,537,0.445,0,0.005,0.5864286
2025-07-01 10:37:34,538,0.4442857,0,0.0057143,0.585
2025-07-01 10:37:35,539,0.4443175,0,0.0057147,0.5850418
2025-07-01 10:37:36,540,0.4442857,0,0.0057143,0.585
2025-07-01 10:37:37,541,0.4442857,0,0.0064286,0.585
2025-07-01 10:37:38,542,0.4443175,0,0.0057147,0.5850418
2025-07-01 10:37:39,543,0.4435714,0,0.005,0.585
2025-07-01 10:37:40,544,0.4442857,0,0.005,0.585
2025-07-01 10:37:41,545,0.4435714,0,0.0042857,0.585
2025-07-01 10:37:42,546,0.4436031,0,0.0050004,0.5843275
2025-07-01 10:37:43,547,0.4428255,0,0.0042854,0.5849582
2025-07-01 10:37:44,548,0.4435397,0,0.0049996,0.584244
2025-07-01 10:37:45,549,0.4428571,0,0.005,0.5842857
2025-07-01 10:37:46,550,0.4435714,0,0.005,0.585
2025-07-01 10:37:47,551,0.4428255,0,0.0042854,0.584244
2025-07-01 10:37:48,552,0.444254,0,0.0042854,0.5856725
2025-07-01 10:37:49,553,0.4428571,0,0.0042857,0.5857143
2025-07-01 10:37:50,554,0.4435397,0,0.0042854,0.5849582
2025-07-01 10:37:51,555,0.4428888,0,0.004286,0.5864705
2025-07-01 10:37:52,556,0.4435714,0,0.0042857,0.585
2025-07-01 10:37:53,557,0.4442857,0,0.0035714,0.5857143
2025-07-01 10:37:54,558,0.4435714,0,0.0035714,0.585
2025-07-01 10:37:55,559,0.4442857,0,0.0042857,0.5857143
2025-07-01 10:37:56,560,0.444254,0,0.0042854,0.5863867
2025-07-01 10:37:57,561,0.4443175,0,0.0050004,0.5850418
2025-07-01 10:37:58,562,0.4435714,0,0.0042857,0.5857143
2025-07-01 10:37:59,563,0.444254,0,0.0049996,0.5863867
2025-07-01 10:38:00,564,0.444254,0,0.0049996,0.5856725
2025-07-01 10:38:01,565,0.4435714,0,0.0064286,0.5864286
2025-07-01 10:38:02,566,0.4436031,0,0.0057147,0.5850418
2025-07-01 10:38:03,567,0.4442857,0,0.005,0.5857143
2025-07-01 10:38:04,568,0.4436031,0,0.006429,0.5857561
2025-07-01 10:38:05,569,0.4435714,0,0.0057143,0.5842857
2025-07-01 10:38:06,570,0.4435714,0,0.0057143,0.5857143
2025-07-01 10:38:07,571,0.4428255,0,0.0064281,0.5849582
2025-07-01 10:38:08,572,0.4435714,0,0.0071429,0.5857143
2025-07-01 10:38:09,573,0.4435714,0,0.0064286,0.585
2025-07-01 10:38:10,574,0.4436031,0,0.0057147,0.5850418
2025-07-01 10:38:11,575,0.4435714,0,0.005,0.585
2025-07-01 10:38:12,576,0.4435714,0,0.0064286,0.585
2025-07-01 10:38:13,577,0.4428888,0,0.0057147,0.5850418
2025-07-01 10:38:14,578,0.4436031,0,0.0057147,0.5850418
2025-07-01 10:38:15,579,0.4443175,0,0.004286,0.5850418
2025-07-01 10:38:16,580,0.4428255,0,0.0042854,0.5849582
2025-07-01 10:38:17,581,0.4435714,0,0.005,0.5842857
2025-07-01 10:38:18,582,0.4435397,0,0.0035712,0.5856725
2025-07-01 10:38:19,583,0.4442857,0,0.0035714,0.5857143
2025-07-01 10:38:20,584,0.4435714,0,0.0035714,0.5857143
2025-07-01 10:38:21,585,0.4443175,0,0.0035717,0.5857561
2025-07-01 10:38:22,586,0.4435714,0,0.0035714,0.5857143
2025-07-01 10:38:23,587,0.4442857,0,0.0042857,0.5857143
2025-07-01 10:38:24,588,0.4435714,0,0.0042857,0.5857143
2025-07-01 10:38:25,589,0.4435714,0,0.0042857,0.5864286
2025-07-01 10:38:26,590,0.4442857,0,0.0028571,0.5857143
2025-07-01 10:38:27,591,0.4442857,0,0.0035714,0.5857143
2025-07-01 10:38:28,592,0.4442857,0,0.0042857,0.5857143
2025-07-01 10:38:29,593,0.4435397,0,0.0042854,0.5856725
2025-07-01 10:38:30,594,0.4443175,0,0.004286,0.5864705
2025-07-01 10:38:31,595,0.4442857,0,0.0042857,0.5864286
2025-07-01 10:38:32,596,0.4442857,0,0.005,0.5857143
2025-07-01 10:38:33,597,0.4435397,0,0.0057139,0.5856725
2025-07-01 10:38:34,598,0.4435397,0,0.0057139,0.5856725
2025-07-01 10:38:35,599,0.4428571,0,0.005,0.5857143
2025-07-01 10:38:36,600,0.4435714,0,0.0042857,0.5857143
2025-07-01 10:38:37,601,0.4428571,0,0.0042857,0.5857143
2025-07-01 10:38:38,602,0.4435714,0,0.005,0.5857143
2025-07-01 10:38:39,603,0.4435714,0,0.0057143,0.585
2025-07-01 10:38:40,604,0.4428888,0,0.006429,0.5857561
2025-07-01 10:38:41,605,0.4435714,0,0.0057143,0.585
2025-07-01 10:38:42,606,0.4428571,0,0.005,0.5857143
2025-07-01 10:38:43,607,0.4436031,0,0.0050004,0.5857561
2025-07-01 10:38:44,608,0.4435714,0,0.005,0.585
2025-07-01 10:38:45,609,0.4428571,0,0.0064286,0.585
2025-07-01 10:38:46,610,0.4436031,0,0.006429,0.5850418
2025-07-01 10:38:47,611,0.4435714,0,0.0064286,0.585
2025-07-01 10:38:48,612,0.4443175,0,0.006429,0.5850418
2025-07-01 10:38:49,613,0.4435714,0,0.0064286,0.5857143
2025-07-01 10:38:50,614,0.4435714,0,0.0064286,0.585
2025-07-01 10:38:51,615,0.4435714,0,0.0057143,0.5857143
2025-07-01 10:38:52,616,0.4435714,0,0.0057143,0.585
2025-07-01 10:38:53,617,0.4435714,0,0.0057143,0.5857143
2025-07-01 10:38:54,618,0.4435714,0,0.005,0.585
2025-07-01 10:38:55,619,0.4428255,0,0.0049996,0.5856725
2025-07-01 10:38:56,620,0.4435714,0,0.005,0.5857143
2025-07-01 10:38:57,621,0.4428571,0,0.005,0.5857143
2025-07-01 10:38:58,622,0.4435714,0,0.0057143,0.5857143
2025-07-01 10:38:59,623,0.4435714,0,0.0042857,0.5857143
2025-07-01 10:39:00,624,0.4428571,0,0.0035714,0.5857143
2025-07-01 10:39:01,625,0.4436031,0,0.0028573,0.5864705
2025-07-01 10:39:02,626,0.4428571,0,0.0028571,0.5857143
2025-07-01 10:39:03,627,0.4435397,0,0.0028569,0.5849582
2025-07-01 10:39:04,628,0.4435714,0,0.005,0.5857143
2025-07-01 10:39:05,629,0.4435714,0,0.005,0.5857143
2025-07-01 10:39:06,630,0.4428255,0,0.0049996,0.5863867
2025-07-01 10:39:07,631,0.4435714,0,0.0042857,0.5857143
2025-07-01 10:39:08,632,0.4435714,0,0.0042857,0.5864286
2025-07-01 10:39:09,633,0.4443175,0,0.0050004,0.5857561
2025-07-01 10:39:10,634,0.4428571,0,0.005,0.585
2025-07-01 10:39:11,635,0.4435714,0,0.0064286,0.585
2025-07-01 10:39:12,636,0.4435714,0,0.0057143,0.585
2025-07-01 10:39:13,637,0.4435397,0,0.0049996,0.5856725
2025-07-01 10:39:14,638,0.4435397,0,0.0049996,0.5856725
2025-07-01 10:39:15,639,0.4428255,0,0.0057139,0.5856725
2025-07-01 10:39:16,640,0.4435397,0,0.0057139,0.5856725
2025-07-01 10:39:17,641,0.4435714,0,0.0057143,0.5864286
2025-07-01 10:39:18,642,0.4435714,0,0.0042857,0.5857143
2025-07-01 10:39:19,643,0.4428571,0,0.005,0.5857143
2025-07-01 10:39:20,644,0.4436031,0,0.0050004,0.5850418
2025-07-01 10:39:21,645,0.4428255,0,0.0049996,0.5856725
2025-07-01 10:39:22,646,0.4428571,0,0.005,0.5857143
2025-07-01 10:39:23,647,0.4428571,0,0.0042857,0.5857143
2025-07-01 10:39:24,648,0.4435714,0,0.0042857,0.5864286
2025-07-01 10:39:25,649,0.4435714,0,0.0042857,0.5864286
2025-07-01 10:39:26,650,0.4428571,0,0.005,0.5864286
2025-07-01 10:39:27,651,0.4435714,0,0.005,0.5864286
2025-07-01 10:39:28,652,0.4436031,0,0.0050004,0.5857561
2025-07-01 10:39:29,653,0.4435714,0,0.005,0.5857143
2025-07-01 10:39:30,654,0.4436031,0,0.0057147,0.5857561
2025-07-01 10:39:31,655,0.4436031,0,0.006429,0.5857561
2025-07-01 10:39:32,656,0.4435714,0,0.0057143,0.5864286
2025-07-01 10:39:33,657,0.445,0,0.005,0.5857143
2025-07-01 10:39:34,658,0.4442857,0,0.005,0.5864286
2025-07-01 10:39:35,659,0.4443175,0,0.0057147,0.5857561
2025-07-01 10:39:36,660,0.4442857,0,0.0064286,0.5857143
2025-07-01 10:39:37,661,0.4442857,0,0.0064286,0.5857143
2025-07-01 10:39:38,662,0.444254,0,0.0064281,0.5856725
2025-07-01 10:39:39,663,0.4435714,0,0.005,0.585
2025-07-01 10:39:40,664,0.4442857,0,0.0042857,0.5857143
2025-07-01 10:39:41,665,0.4436031,0,0.004286,0.5857561
2025-07-01 10:39:42,666,0.4435714,0,0.0057143,0.5857143
2025-07-01 10:39:43,667,0.4443175,0,0.0050004,0.5857561
2025-07-01 10:39:44,668,0.4435714,0,0.0042857,0.5857143
2025-07-01 10:39:45,669,0.444254,0,0.0035712,0.5856725
2025-07-01 10:39:46,670,0.4435714,0,0.0035714,0.5857143
2025-07-01 10:39:47,671,0.4428571,0,0.0042857,0.5864286
2025-07-01 10:39:48,672,0.4435714,0,0.0042857,0.5857143
2025-07-01 10:39:49,673,0.4435714,0,0.0042857,0.5857143
2025-07-01 10:39:50,674,0.4435714,0,0.0035714,0.5857143
2025-07-01 10:39:51,675,0.4428571,0,0.0035714,0.5864286
2025-07-01 10:39:52,676,0.4428571,0,0.0035714,0.5864286
2025-07-01 10:39:53,677,0.4435714,0,0.005,0.5864286
2025-07-01 10:39:54,678,0.4435714,0,0.0057143,0.5857143
2025-07-01 10:39:55,679,0.4435714,0,0.0057143,0.5857143
2025-07-01 10:39:56,680,0.444254,0,0.0042854,0.5863867
2025-07-01 10:39:57,681,0.4435397,0,0.0049996,0.5856725
2025-07-01 10:39:58,682,0.4435397,0,0.0049996,0.5863867
2025-07-01 10:39:59,683,0.4436031,0,0.0057147,0.5864705
2025-07-01 10:40:00,684,0.4435714,0,0.0057143,0.5864286
2025-07-01 10:40:01,685,0.4435714,0,0.005,0.5857143
2025-07-01 10:40:02,686,0.4435714,0,0.0042857,0.5864286
2025-07-01 10:40:03,687,0.4435397,0,0.0042854,0.5863867
2025-07-01 10:40:04,688,0.4435714,0,0.0042857,0.5864286
2025-07-01 10:40:05,689,0.4442857,0,0.0042857,0.5864286
2025-07-01 10:40:06,690,0.4450318,0,0.0057147,0.5857561
2025-07-01 10:40:07,691,0.444254,0,0.0049996,0.5863867
2025-07-01 10:40:08,692,0.4435714,0,0.0042857,0.5864286
2025-07-01 10:40:09,693,0.444254,0,0.0049996,0.5856725
2025-07-01 10:40:10,694,0.4436031,0,0.0057147,0.5857561
2025-07-01 10:40:11,695,0.4436031,0,0.0050004,0.5857561
2025-07-01 10:40:12,696,0.4443175,0,0.0057147,0.5864705
2025-07-01 10:40:13,697,0.444254,0,0.0049996,0.5856725
2025-07-01 10:40:14,698,0.4442857,0,0.0057143,0.5857143
2025-07-01 10:40:15,699,0.4435714,0,0.0064286,0.5857143
2025-07-01 10:40:16,700,0.4435714,0,0.0078571,0.585
2025-07-01 10:40:17,701,0.4436031,0,0.0071434,0.5857561
2025-07-01 10:40:18,702,0.444254,0,0.0071423,0.5849582
2025-07-01 10:40:19,703,0.4435714,0,0.0071429,0.585
2025-07-01 10:40:20,704,0.4428571,0,0.0064286,0.5857143
2025-07-01 10:40:21,705,0.4436031,0,0.006429,0.5850418
2025-07-01 10:40:22,706,0.4435714,0,0.0064286,0.5857143
2025-07-01 10:40:23,707,0.4436031,0,0.0057147,0.5857561
2025-07-01 10:40:24,708,0.4435397,0,0.0049996,0.5849582
2025-07-01 10:40:25,709,0.4442857,0,0.0057143,0.5857143
2025-07-01 10:40:26,710,0.4435714,0,0.005,0.5842857
2025-07-01 10:40:27,711,0.4428888,0,0.0050004,0.5850418
2025-07-01 10:40:28,712,0.4428571,0,0.0042857,0.5842857
2025-07-01 10:40:29,713,0.4442857,0,0.0042857,0.5857143
2025-07-01 10:40:30,714,0.4442857,0,0.0042857,0.5857143
2025-07-01 10:40:31,715,0.445,0,0.0042857,0.585
2025-07-01 10:40:32,716,0.4436031,0,0.004286,0.5850418
2025-07-01 10:40:33,717,0.4435714,0,0.005,0.585
2025-07-01 10:40:34,718,0.445,0,0.0042857,0.5842857
2025-07-01 10:40:35,719,0.4435714,0,0.0042857,0.585
2025-07-01 10:40:36,720,0.4442857,0,0.0042857,0.585
2025-07-01 10:40:37,721,0.4435714,0,0.0042857,0.585
2025-07-01 10:40:38,722,0.4443175,0,0.004286,0.5850418
2025-07-01 10:40:39,723,0.4435714,0,0.005,0.585
2025-07-01 10:40:40,724,0.4442857,0,0.005,0.5857143
2025-07-01 10:40:41,725,0.4435714,0,0.005,0.585
2025-07-01 10:40:42,726,0.4442857,0,0.005,0.5857143
2025-07-01 10:40:43,727,0.4442857,0,0.0042857,0.5842857
2025-07-01 10:40:44,728,0.4435397,0,0.0035712,0.5849582
2025-07-01 10:40:45,729,0.4428571,0,0.0035714,0.585
2025-07-01 10:40:46,730,0.4435714,0,0.0042857,0.5857143
2025-07-01 10:40:47,731,0.444254,0,0.0035712,0.5849582
2025-07-01 10:40:48,732,0.4428255,0,0.0035712,0.5856725
2025-07-01 10:40:49,733,0.4435714,0,0.0035714,0.585
2025-07-01 10:40:50,734,0.4435714,0,0.0035714,0.585
2025-07-01 10:40:51,735,0.4435714,0,0.0035714,0.585
2025-07-01 10:40:52,736,0.4435714,0,0.0035714,0.5857143
2025-07-01 10:40:53,737,0.4435714,0,0.0035714,0.585
2025-07-01 10:40:54,738,0.4435714,0,0.005,0.585
2025-07-01 10:40:55,739,0.444254,0,0.0049996,0.5849582
2025-07-01 10:40:56,740,0.4435714,0,0.0064286,0.585
2025-07-01 10:40:57,741,0.4428255,0,0.0064281,0.5856725
2025-07-01 10:40:58,742,0.4428888,0,0.0057147,0.5857561
2025-07-01 10:40:59,743,0.4428571,0,0.0064286,0.5857143
2025-07-01 10:41:00,744,0.4435714,0,0.0057143,0.585
2025-07-01 10:41:01,745,0.4436031,0,0.006429,0.5857561
2025-07-01 10:41:02,746,0.4428888,0,0.0071434,0.5857561
2025-07-01 10:41:03,747,0.4435714,0,0.0064286,0.585
2025-07-01 10:41:04,748,0.4428571,0,0.0064286,0.5857143
2025-07-01 10:41:05,749,0.4435714,0,0.0064286,0.5857143
2025-07-01 10:41:06,750,0.4428571,0,0.0071429,0.585
2025-07-01 10:41:07,751,0.4435714,0,0.0057143,0.5864286
2025-07-01 10:41:08,752,0.4428571,0,0.0042857,0.5857143
2025-07-01 10:41:09,753,0.4428888,0,0.004286,0.5864705
2025-07-01 10:41:10,754,0.4435714,0,0.0035714,0.585
2025-07-01 10:41:11,755,0.4436031,0,0.004286,0.5850418
2025-07-01 10:41:12,756,0.4435714,0,0.005,0.5842857
2025-07-01 10:41:13,757,0.4442857,0,0.0042857,0.585
2025-07-01 10:41:14,758,0.4435714,0,0.0042857,0.5857143
2025-07-01 10:41:15,759,0.4428571,0,0.0035714,0.585
2025-07-01 10:41:16,760,0.4435397,0,0.0035712,0.5849582
2025-07-01 10:41:17,761,0.4435714,0,0.0042857,0.5857143
2025-07-01 10:41:18,762,0.4442857,0,0.0042857,0.585
2025-07-01 10:41:19,763,0.4435397,0,0.0049996,0.5856725
2025-07-01 10:41:20,764,0.4435714,0,0.0042857,0.5864286
2025-07-01 10:41:21,765,0.4428571,0,0.005,0.5842857
2025-07-01 10:41:22,766,0.4428255,0,0.0049996,0.5849582
2025-07-01 10:41:23,767,0.4428255,0,0.0049996,0.584244
2025-07-01 10:41:24,768,0.4428571,0,0.0042857,0.5857143
2025-07-01 10:41:25,769,0.4428571,0,0.0035714,0.5857143
2025-07-01 10:41:26,770,0.4428255,0,0.0035712,0.5856725
2025-07-01 10:41:27,771,0.4428255,0,0.0049996,0.5849582
2025-07-01 10:41:28,772,0.4428571,0,0.005,0.585
2025-07-01 10:41:29,773,0.4435714,0,0.005,0.585
2025-07-01 10:41:30,774,0.4436031,0,0.004286,0.5850418
2025-07-01 10:41:31,775,0.4428571,0,0.0042857,0.585
2025-07-01 10:41:32,776,0.4421113,0,0.0049996,0.5849582
2025-07-01 10:41:33,777,0.4428571,0,0.0042857,0.585
2025-07-01 10:41:34,778,0.4428571,0,0.0057143,0.5842857
2025-07-01 10:41:35,779,0.4435714,0,0.0057143,0.585
2025-07-01 10:41:36,780,0.4428571,0,0.0057143,0.585
2025-07-01 10:41:37,781,0.4436031,0,0.0057147,0.5857561
2025-07-01 10:41:38,782,0.4428571,0,0.0064286,0.585
2025-07-01 10:41:39,783,0.4435714,0,0.0071429,0.5842857
2025-07-01 10:41:40,784,0.4436031,0,0.006429,0.5850418
2025-07-01 10:41:41,785,0.4428571,0,0.0057143,0.5857143
2025-07-01 10:41:42,786,0.4435714,0,0.0064286,0.585
2025-07-01 10:41:43,787,0.4428571,0,0.0064286,0.5857143
2025-07-01 10:41:44,788,0.4435714,0,0.0071429,0.585
2025-07-01 10:41:45,789,0.4435714,0,0.0071429,0.5857143
2025-07-01 10:41:46,790,0.4436031,0,0.006429,0.5850418
2025-07-01 10:41:47,791,0.4436031,0,0.006429,0.5857561
2025-07-01 10:41:48,792,0.4435714,0,0.005,0.5857143
2025-07-01 10:41:49,793,0.4421429,0,0.0042857,0.5857143
2025-07-01 10:41:50,794,0.4436031,0,0.0050004,0.5857561
2025-07-01 10:41:51,795,0.4435714,0,0.005,0.585
2025-07-01 10:41:52,796,0.4435397,0,0.0049996,0.5856725
2025-07-01 10:41:53,797,0.4428571,0,0.0042857,0.5857143
2025-07-01 10:41:54,798,0.4435397,0,0.0042854,0.5856725
2025-07-01 10:41:55,799,0.4428888,0,0.0035717,0.5850418
2025-07-01 10:41:56,800,0.4428255,0,0.0035712,0.5849582
2025-07-01 10:41:57,801,0.4428571,0,0.0035714,0.5842857
2025-07-01 10:41:58,802,0.4428571,0,0.0035714,0.585
2025-07-01 10:41:59,803,0.4428571,0,0.0042857,0.585
2025-07-01 10:42:00,804,0.4428571,0,0.005,0.585
2025-07-01 10:42:01,805,0.4428571,0,0.005,0.5842857
2025-07-01 10:42:02,806,0.4428571,0,0.005,0.585
2025-07-01 10:42:03,807,0.4442857,0,0.0057143,0.585
2025-07-01 10:42:04,808,0.4428571,0,0.005,0.5842857
2025-07-01 10:42:05,809,0.4421429,0,0.005,0.585
2025-07-01 10:42:06,810,0.4428888,0,0.004286,0.5850418
2025-07-01 10:42:07,811,0.4428571,0,0.0042857,0.585
2025-07-01 10:42:08,812,0.4428888,0,0.0050004,0.5850418
2025-07-01 10:42:09,813,0.4435397,0,0.0057139,0.5849582
2025-07-01 10:42:10,814,0.4428888,0,0.0050004,0.5850418
2025-07-01 10:42:11,815,0.4435714,0,0.005,0.5857143
2025-07-01 10:42:12,816,0.4428571,0,0.0042857,0.5857143
2025-07-01 10:42:13,817,0.4428255,0,0.0028569,0.5856725
2025-07-01 10:42:14,818,0.4435714,0,0.0021429,0.5857143
2025-07-01 10:42:15,819,0.4421429,0,0.0042857,0.585
2025-07-01 10:42:16,820,0.4428571,0,0.005,0.585
2025-07-01 10:42:17,821,0.4421429,0,0.005,0.585
2025-07-01 10:42:18,822,0.4428571,0,0.005,0.5857143
2025-07-01 10:42:19,823,0.4435714,0,0.005,0.5857143
2025-07-01 10:42:20,824,0.4435714,0,0.0057143,0.5842857
2025-07-01 10:42:21,825,0.4428571,0,0.0057143,0.585
2025-07-01 10:42:22,826,0.4428571,0,0.0057143,0.5842857
2025-07-01 10:42:23,827,0.4428888,0,0.0057147,0.5850418
2025-07-01 10:42:24,828,0.4435714,0,0.0057143,0.585
2025-07-01 10:42:25,829,0.4428255,0,0.0064281,0.5856725
2025-07-01 10:42:26,830,0.4428571,0,0.0071429,0.5842857
2025-07-01 10:42:27,831,0.4435714,0,0.0071429,0.585
2025-07-01 10:42:28,832,0.4428255,0,0.0071423,0.5849582
2025-07-01 10:42:29,833,0.4435714,0,0.005,0.585
2025-07-01 10:42:30,834,0.4435714,0,0.005,0.585
2025-07-01 10:42:31,835,0.4428571,0,0.005,0.585
2025-07-01 10:42:32,836,0.4435714,0,0.005,0.585
2025-07-01 10:42:33,837,0.4428255,0,0.0049996,0.584244
2025-07-01 10:42:34,838,0.4428571,0,0.0042857,0.5857143
2025-07-01 10:42:35,839,0.4435714,0,0.0042857,0.5857143
2025-07-01 10:42:36,840,0.4428571,0,0.0042857,0.5857143
2025-07-01 10:42:37,841,0.4435714,0,0.0042857,0.585
2025-07-01 10:42:38,842,0.4428255,0,0.0049996,0.5856725
2025-07-01 10:42:39,843,0.4428888,0,0.004286,0.5843275
2025-07-01 10:42:40,844,0.4428571,0,0.0042857,0.5857143
2025-07-01 10:42:41,845,0.4421744,0,0.004286,0.5850418
2025-07-01 10:42:42,846,0.4428571,0,0.0057143,0.5857143
2025-07-01 10:42:43,847,0.4428255,0,0.0057139,0.5856725
2025-07-01 10:42:44,848,0.4421429,0,0.0057143,0.5857143
2025-07-01 10:42:45,849,0.4435714,0,0.0057143,0.5857143
2025-07-01 10:42:46,850,0.4435714,0,0.0057143,0.585
2025-07-01 10:42:47,851,0.4436031,0,0.006429,0.5857561
2025-07-01 10:42:48,852,0.4428571,0,0.0064286,0.585
2025-07-01 10:42:49,853,0.4435397,0,0.0064281,0.5849582
2025-07-01 10:42:50,854,0.4435714,0,0.0057143,0.5857143
2025-07-01 10:42:51,855,0.4428571,0,0.005,0.5857143
2025-07-01 10:42:52,856,0.4421744,0,0.004286,0.5857561
2025-07-01 10:42:53,857,0.4428571,0,0.0057143,0.5864286
2025-07-01 10:42:54,858,0.4428255,0,0.0057139,0.5856725
2025-07-01 10:42:55,859,0.4435714,0,0.0057143,0.585
2025-07-01 10:42:56,860,0.4428888,0,0.004286,0.5850418
2025-07-01 10:42:57,861,0.4435714,0,0.0042857,0.585
2025-07-01 10:42:58,862,0.4435714,0,0.0035714,0.5842857
2025-07-01 10:42:59,863,0.4428571,0,0.0035714,0.585
2025-07-01 10:43:00,864,0.4428571,0,0.005,0.585
2025-07-01 10:43:01,865,0.4428571,0,0.005,0.5842857
2025-07-01 10:43:02,866,0.4428255,0,0.0049996,0.5856725
2025-07-01 10:43:03,867,0.4428571,0,0.005,0.585
2025-07-01 10:43:04,868,0.4421429,0,0.005,0.585
2025-07-01 10:43:05,869,0.4421429,0,0.0057143,0.5842857
2025-07-01 10:43:06,870,0.4435714,0,0.0057143,0.5842857
2025-07-01 10:43:07,871,0.4428571,0,0.0042857,0.5842857
2025-07-01 10:43:08,872,0.4428571,0,0.0042857,0.5842857
2025-07-01 10:43:09,873,0.4421429,0,0.0042857,0.5842857
2025-07-01 10:43:10,874,0.4428571,0,0.0042857,0.5842857
2025-07-01 10:43:11,875,0.4421429,0,0.005,0.5842857
2025-07-01 10:43:12,876,0.4428571,0,0.0057143,0.585
2025-07-01 10:43:13,877,0.4428255,0,0.0057139,0.584244
2025-07-01 10:43:14,878,0.4421429,0,0.0042857,0.585
2025-07-01 10:43:15,879,0.4428571,0,0.0035714,0.585
2025-07-01 10:43:16,880,0.4428888,0,0.0050004,0.5843275
2025-07-01 10:43:17,881,0.4428888,0,0.0050004,0.5850418
2025-07-01 10:43:18,882,0.4435397,0,0.0049996,0.5849582
2025-07-01 10:43:19,883,0.4442857,0,0.005,0.5864286
2025-07-01 10:43:20,884,0.4435397,0,0.0049996,0.5849582
2025-07-01 10:43:21,885,0.4435714,0,0.005,0.585
2025-07-01 10:43:22,886,0.4436031,0,0.004286,0.5857561
2025-07-01 10:43:23,887,0.4442857,0,0.005,0.5857143
2025-07-01 10:43:24,888,0.444254,0,0.0057139,0.5849582
2025-07-01 10:43:25,889,0.4436031,0,0.0050004,0.5857561
2025-07-01 10:43:26,890,0.4435397,0,0.0042854,0.5856725
2025-07-01 10:43:27,891,0.4436031,0,0.004286,0.5857561
2025-07-01 10:43:28,892,0.4435714,0,0.0042857,0.585
2025-07-01 10:43:29,893,0.4435714,0,0.005,0.585
2025-07-01 10:43:30,894,0.4435714,0,0.005,0.5857143
2025-07-01 10:43:31,895,0.4428255,0,0.0057139,0.5849582
2025-07-01 10:43:32,896,0.4435714,0,0.0057143,0.5842857
2025-07-01 10:43:33,897,0.4428571,0,0.005,0.5842857
2025-07-01 10:43:34,898,0.4428888,0,0.0050004,0.5850418
2025-07-01 10:43:35,899,0.4435714,0,0.0064286,0.585
2025-07-01 10:43:36,900,0.4435714,0,0.0064286,0.5842857
2025-07-01 10:43:37,901,0.4428571,0,0.0057143,0.5842857
2025-07-01 10:43:38,902,0.4428571,0,0.0057143,0.585
2025-07-01 10:43:39,903,0.4435714,0,0.0057143,0.5842857
2025-07-01 10:43:40,904,0.4428888,0,0.0057147,0.5843275
2025-07-01 10:43:41,905,0.4428255,0,0.0057139,0.5849582
2025-07-01 10:43:42,906,0.4435397,0,0.0057139,0.5849582
2025-07-01 10:43:43,907,0.4428571,0,0.005,0.5857143
2025-07-01 10:43:44,908,0.4428571,0,0.0035714,0.5842857
2025-07-01 10:43:45,909,0.4436031,0,0.0035717,0.5850418
2025-07-01 10:43:46,910,0.4428571,0,0.0042857,0.5857143
2025-07-01 10:43:47,911,0.4435714,0,0.0042857,0.585
2025-07-01 10:43:48,912,0.4428255,0,0.0042854,0.5856725
2025-07-01 10:43:49,913,0.4428571,0,0.0028571,0.585
2025-07-01 10:43:50,914,0.4428255,0,0.0028569,0.5856725
2025-07-01 10:43:51,915,0.4435714,0,0.0035714,0.5864286
2025-07-01 10:43:52,916,0.4428888,0,0.0050004,0.5857561
2025-07-01 10:43:53,917,0.4428255,0,0.0049996,0.5856725
2025-07-01 10:43:54,918,0.4428571,0,0.005,0.5857143
2025-07-01 10:43:55,919,0.4436031,0,0.004286,0.5857561
2025-07-01 10:43:56,920,0.4436031,0,0.0050004,0.5857561
2025-07-01 10:43:57,921,0.4435714,0,0.0057143,0.585
2025-07-01 10:43:58,922,0.4435714,0,0.0057143,0.5857143
2025-07-01 10:43:59,923,0.4428571,0,0.0057143,0.5857143
2025-07-01 10:44:00,924,0.4436031,0,0.0050004,0.5850418
2025-07-01 10:44:01,925,0.4428255,0,0.0057139,0.5849582
2025-07-01 10:44:02,926,0.4442857,0,0.0064286,0.5857143
2025-07-01 10:44:03,927,0.4435714,0,0.0064286,0.585
2025-07-01 10:44:04,928,0.4436031,0,0.006429,0.5850418
2025-07-01 10:44:05,929,0.4435714,0,0.0057143,0.585
2025-07-01 10:44:06,930,0.4435714,0,0.0042857,0.585
2025-07-01 10:44:07,931,0.4428888,0,0.0050004,0.5850418
2025-07-01 10:44:08,932,0.4435397,0,0.0049996,0.5849582
2025-07-01 10:44:09,933,0.4428571,0,0.0057143,0.585
2025-07-01 10:44:10,934,0.4421429,0,0.005,0.585
2025-07-01 10:44:11,935,0.4428571,0,0.0042857,0.585
2025-07-01 10:44:12,936,0.4435397,0,0.0042854,0.5849582
2025-07-01 10:44:13,937,0.4435714,0,0.0035714,0.5842857
2025-07-01 10:44:14,938,0.4428571,0,0.0042857,0.585
2025-07-01 10:44:15,939,0.4436031,0,0.004286,0.5850418
2025-07-01 10:44:16,940,0.4421744,0,0.004286,0.5843275
2025-07-01 10:44:17,941,0.4421113,0,0.0042854,0.5849582
2025-07-01 10:44:18,942,0.4428571,0,0.0042857,0.585
2025-07-01 10:44:19,943,0.4421429,0,0.005,0.5842857
2025-07-01 10:44:20,944,0.4428571,0,0.0042857,0.585
2025-07-01 10:44:21,945,0.4435397,0,0.0035712,0.5849582
2025-07-01 10:44:22,946,0.4428888,0,0.004286,0.5850418
2025-07-01 10:44:23,947,0.4435714,0,0.0035714,0.585
2025-07-01 10:44:24,948,0.4435397,0,0.0042854,0.5849582
2025-07-01 10:44:25,949,0.4428571,0,0.0057143,0.585
2025-07-01 10:44:26,950,0.4428888,0,0.0057147,0.5850418
2025-07-01 10:44:27,951,0.4428571,0,0.0057143,0.585
2025-07-01 10:44:28,952,0.4428571,0,0.0057143,0.585
2025-07-01 10:44:29,953,0.4428571,0,0.0057143,0.5857143
2025-07-01 10:44:30,954,0.4435714,0,0.005,0.5842857
2025-07-01 10:44:31,955,0.4435714,0,0.0057143,0.585
2025-07-01 10:44:32,956,0.4428571,0,0.0057143,0.5842857
2025-07-01 10:44:33,957,0.4435714,0,0.0057143,0.585
2025-07-01 10:44:34,958,0.4428571,0,0.0064286,0.585
2025-07-01 10:44:35,959,0.4436031,0,0.006429,0.5857561
2025-07-01 10:44:36,960,0.4428571,0,0.0064286,0.585
2025-07-01 10:44:37,961,0.4428255,0,0.0064281,0.5849582
2025-07-01 10:44:38,962,0.4428888,0,0.0057147,0.5850418
2025-07-01 10:44:39,963,0.4428571,0,0.0042857,0.585
2025-07-01 10:44:40,964,0.4421429,0,0.005,0.585
2025-07-01 10:44:41,965,0.4428571,0,0.0064286,0.585
2025-07-01 10:44:42,966,0.4428571,0,0.0057143,0.5857143
2025-07-01 10:44:43,967,0.4421429,0,0.005,0.585
2025-07-01 10:44:44,968,0.4428255,0,0.0057139,0.5856725
2025-07-01 10:44:45,969,0.4428888,0,0.0050004,0.5850418
2025-07-01 10:44:46,970,0.4435714,0,0.005,0.5857143
2025-07-01 10:44:47,971,0.4428571,0,0.0042857,0.585
2025-07-01 10:44:48,972,0.4435714,0,0.0057143,0.585
2025-07-01 10:44:49,973,0.4428571,0,0.0057143,0.5842857
2025-07-01 10:44:50,974,0.4435714,0,0.005,0.5842857
2025-07-01 10:44:51,975,0.4428888,0,0.0050004,0.5843275
2025-07-01 10:44:52,976,0.4428571,0,0.0057143,0.585
2025-07-01 10:44:53,977,0.4435397,0,0.0057139,0.5849582
2025-07-01 10:44:54,978,0.4442857,0,0.005,0.585
2025-07-01 10:44:55,979,0.4435714,0,0.005,0.585
2025-07-01 10:44:56,980,0.4435397,0,0.0049996,0.584244
2025-07-01 10:44:57,981,0.4442857,0,0.005,0.5842857
2025-07-01 10:44:58,982,0.4436031,0,0.0050004,0.5850418
2025-07-01 10:44:59,983,0.4435714,0,0.005,0.5857143
2025-07-01 10:45:00,984,0.4428255,0,0.0049996,0.5849582
2025-07-01 10:45:01,985,0.4435714,0,0.005,0.5857143
2025-07-01 10:45:02,986,0.4428571,0,0.0035714,0.585
2025-07-01 10:45:03,987,0.4428255,0,0.0035712,0.5849582
2025-07-01 10:45:04,988,0.4435714,0,0.0035714,0.5857143
2025-07-01 10:45:05,989,0.4435397,0,0.0042854,0.5856725
2025-07-01 10:45:06,990,0.4435714,0,0.0035714,0.5857143
2025-07-01 10:45:07,991,0.4428888,0,0.0050004,0.5857561
2025-07-01 10:45:08,992,0.4421429,0,0.005,0.585
2025-07-01 10:45:09,993,0.4428571,0,0.0042857,0.585
2025-07-01 10:45:10,994,0.4435714,0,0.0042857,0.585
2025-07-01 10:45:11,995,0.4421429,0,0.0042857,0.585
2025-07-01 10:45:12,996,0.4428255,0,0.0042854,0.584244
2025-07-01 10:45:13,997,0.4428571,0,0.0042857,0.585
2025-07-01 10:45:14,998,0.4428571,0,0.0057143,0.5842857
2025-07-01 10:45:15,999,0.4421429,0,0.0064286,0.5842857
2025-07-01 10:45:16,1000,0.4428571,0,0.0057143,0.585
2025-07-01 10:45:17,1001,0.4428571,0,0.0057143,0.585
2025-07-01 10:45:18,1002,0.4421429,0,0.0064286,0.585
2025-07-01 10:45:19,1003,0.4421744,0,0.0057147,0.5850418
2025-07-01 10:45:20,1004,0.4421429,0,0.0057143,0.5842857
2025-07-01 10:45:21,1005,0.4428255,0,0.0042854,0.584244
2025-07-01 10:45:22,1006,0.4428571,0,0.0042857,0.585
2025-07-01 10:45:23,1007,0.4421113,0,0.0042854,0.5849582
2025-07-01 10:45:24,1008,0.4421429,0,0.005,0.585
2025-07-01 10:45:25,1009,0.4421429,0,0.005,0.585
2025-07-01 10:45:26,1010,0.4421744,0,0.004286,0.5857561
2025-07-01 10:45:27,1011,0.4421113,0,0.0042854,0.584244
2025-07-01 10:45:28,1012,0.4421744,0,0.004286,0.5857561
2025-07-01 10:45:29,1013,0.4428571,0,0.0035714,0.585
2025-07-01 10:45:30,1014,0.4421429,0,0.0035714,0.5842857
2025-07-01 10:45:31,1015,0.4421744,0,0.0035717,0.5850418
2025-07-01 10:45:32,1016,0.4428571,0,0.0042857,0.585
2025-07-01 10:45:33,1017,0.4428571,0,0.0042857,0.5842857
2025-07-01 10:45:34,1018,0.4442857,0,0.005,0.585
2025-07-01 10:45:35,1019,0.4428888,0,0.0050004,0.5850418
2025-07-01 10:45:36,1020,0.4428571,0,0.005,0.585
2025-07-01 10:45:37,1021,0.4436031,0,0.004286,0.5850418
2025-07-01 10:45:38,1022,0.4428888,0,0.0035717,0.5850418
2025-07-01 10:45:39,1023,0.4435714,0,0.0042857,0.585
2025-07-01 10:45:40,1024,0.4435714,0,0.005,0.585
2025-07-01 10:45:41,1025,0.4435714,0,0.005,0.585
2025-07-01 10:45:42,1026,0.4435714,0,0.0035714,0.5842857
2025-07-01 10:45:43,1027,0.4428571,0,0.0042857,0.585
2025-07-01 10:45:44,1028,0.4435714,0,0.005,0.585
2025-07-01 10:45:45,1029,0.4435714,0,0.005,0.585
2025-07-01 10:45:46,1030,0.4428571,0,0.005,0.585
2025-07-01 10:45:47,1031,0.4428571,0,0.005,0.585
2025-07-01 10:45:48,1032,0.4421429,0,0.005,0.585
2025-07-01 10:45:49,1033,0.4428255,0,0.0057139,0.5856725
2025-07-01 10:45:50,1034,0.4428571,0,0.0064286,0.585
2025-07-01 10:45:51,1035,0.4421429,0,0.0071429,0.585
2025-07-01 10:45:52,1036,0.4428571,0,0.0071429,0.5842857
2025-07-01 10:45:53,1037,0.4428255,0,0.0064281,0.584244
2025-07-01 10:45:54,1038,0.4421429,0,0.0064286,0.5842857
2025-07-01 10:45:55,1039,0.4421429,0,0.0064286,0.585
2025-07-01 10:45:56,1040,0.4421429,0,0.0071429,0.585
2025-07-01 10:45:57,1041,0.4435714,0,0.0071429,0.585
2025-07-01 10:45:58,1042,0.4421113,0,0.0064281,0.5849582
2025-07-01 10:45:59,1043,0.4421113,0,0.0064281,0.5849582
2025-07-01 10:46:00,1044,0.4428571,0,0.0057143,0.5842857
2025-07-01 10:46:01,1045,0.4428571,0,0.0057143,0.585
2025-07-01 10:46:02,1046,0.4428571,0,0.005,0.585
2025-07-01 10:46:03,1047,0.4428571,0,0.0042857,0.5842857
2025-07-01 10:46:04,1048,0.4428571,0,0.0042857,0.585
2025-07-01 10:46:05,1049,0.4428571,0,0.005,0.585
2025-07-01 10:46:06,1050,0.4428571,0,0.005,0.5857143
2025-07-01 10:46:07,1051,0.4436031,0,0.0050004,0.5857561
2025-07-01 10:46:08,1052,0.4435397,0,0.0042854,0.5849582
2025-07-01 10:46:09,1053,0.4436031,0,0.0050004,0.5850418
2025-07-01 10:46:10,1054,0.4435714,0,0.0042857,0.5857143
2025-07-01 10:46:11,1055,0.4421429,0,0.0035714,0.585
2025-07-01 10:46:12,1056,0.4436031,0,0.0035717,0.5857561
2025-07-01 10:46:13,1057,0.4428888,0,0.004286,0.5850418
2025-07-01 10:46:14,1058,0.4428571,0,0.0042857,0.585
2025-07-01 10:46:15,1059,0.4428571,0,0.005,0.585
2025-07-01 10:46:16,1060,0.4421113,0,0.0049996,0.584244
2025-07-01 10:46:17,1061,0.4421429,0,0.005,0.585
2025-07-01 10:46:18,1062,0.4428571,0,0.0042857,0.5842857
2025-07-01 10:46:19,1063,0.4421429,0,0.0035714,0.5842857
2025-07-01 10:46:20,1064,0.4421429,0,0.0042857,0.5842857
2025-07-01 10:46:21,1065,0.4414286,0,0.0042857,0.5842857
2025-07-01 10:46:22,1066,0.4421744,0,0.0050004,0.5850418
2025-07-01 10:46:23,1067,0.4421113,0,0.0042854,0.584244
2025-07-01 10:46:24,1068,0.4421429,0,0.005,0.5835714
2025-07-01 10:46:25,1069,0.4421429,0,0.005,0.5842857
2025-07-01 10:46:26,1070,0.4414286,0,0.005,0.5842857
2025-07-01 10:46:27,1071,0.4428571,0,0.005,0.5842857
2025-07-01 10:46:28,1072,0.4421113,0,0.0049996,0.584244
2025-07-01 10:46:29,1073,0.4421429,0,0.0057143,0.5842857
2025-07-01 10:46:30,1074,0.4428888,0,0.0057147,0.5843275
2025-07-01 10:46:31,1075,0.4428888,0,0.0057147,0.5836131
2025-07-01 10:46:32,1076,0.4421429,0,0.0057143,0.5842857
2025-07-01 10:46:33,1077,0.4428571,0,0.005,0.5842857
2025-07-01 10:46:34,1078,0.4428571,0,0.005,0.5842857
2025-07-01 10:46:35,1079,0.4428571,0,0.0057143,0.5842857
2025-07-01 10:46:36,1080,0.4421113,0,0.0064281,0.584244
2025-07-01 10:46:37,1081,0.4428888,0,0.006429,0.5843275
2025-07-01 10:46:38,1082,0.4428571,0,0.0064286,0.5842857
2025-07-01 10:46:39,1083,0.4421429,0,0.0064286,0.5842857
2025-07-01 10:46:40,1084,0.4428571,0,0.0064286,0.5835714
2025-07-01 10:46:41,1085,0.4421429,0,0.0064286,0.5842857
2025-07-01 10:46:42,1086,0.4428888,0,0.0057147,0.5836131
2025-07-01 10:46:43,1087,0.4428571,0,0.0057143,0.5842857
2025-07-01 10:46:44,1088,0.4421113,0,0.0057139,0.584244
2025-07-01 10:46:45,1089,0.4428571,0,0.0057143,0.585
2025-07-01 10:46:46,1090,0.4428255,0,0.0057139,0.584244
2025-07-01 10:46:47,1091,0.4435397,0,0.0064281,0.5849582
2025-07-01 10:46:48,1092,0.4428571,0,0.0057143,0.585
2025-07-01 10:46:49,1093,0.4428571,0,0.005,0.585
2025-07-01 10:46:50,1094,0.4436031,0,0.0035717,0.5843275
2025-07-01 10:46:51,1095,0.4421429,0,0.0042857,0.5842857
2025-07-01 10:46:52,1096,0.4421113,0,0.0042854,0.5849582
2025-07-01 10:46:53,1097,0.4435714,0,0.005,0.585
2025-07-01 10:46:54,1098,0.4428255,0,0.0049996,0.5849582
2025-07-01 10:46:55,1099,0.4428255,0,0.0042854,0.5849582
2025-07-01 10:46:56,1100,0.4428255,0,0.0042854,0.5856725
2025-07-01 10:46:57,1101,0.4428571,0,0.0028571,0.5842857
2025-07-01 10:46:58,1102,0.4428888,0,0.004286,0.5850418
2025-07-01 10:46:59,1103,0.4421113,0,0.0049996,0.584244
2025-07-01 10:47:00,1104,0.4428888,0,0.0050004,0.5857561
2025-07-01 10:47:01,1105,0.4421744,0,0.004286,0.5843275
2025-07-01 10:47:02,1106,0.4421429,0,0.0042857,0.585
2025-07-01 10:47:03,1107,0.4421429,0,0.005,0.585
2025-07-01 10:47:04,1108,0.4414286,0,0.0057143,0.585
2025-07-01 10:47:05,1109,0.4428571,0,0.005,0.585
2025-07-01 10:47:06,1110,0.4421429,0,0.0042857,0.585
2025-07-01 10:47:07,1111,0.4421113,0,0.0042854,0.5835297
2025-07-01 10:47:08,1112,0.4428888,0,0.004286,0.5843275
2025-07-01 10:47:09,1113,0.4428888,0,0.004286,0.5843275
2025-07-01 10:47:10,1114,0.4421429,0,0.0057143,0.5842857
2025-07-01 10:47:11,1115,0.4421429,0,0.0057143,0.585
2025-07-01 10:47:12,1116,0.4428571,0,0.0042857,0.5842857
2025-07-01 10:47:13,1117,0.4421429,0,0.0035714,0.585
2025-07-01 10:47:14,1118,0.4421429,0,0.0035714,0.5835714
2025-07-01 10:47:15,1119,0.4421429,0,0.005,0.5842857
2025-07-01 10:47:16,1120,0.4428255,0,0.0049996,0.5828155
2025-07-01 10:47:17,1121,0.4428255,0,0.0049996,0.5835297
2025-07-01 10:47:18,1122,0.4428571,0,0.0057143,0.5842857
2025-07-01 10:47:19,1123,0.4421429,0,0.0057143,0.5842857
2025-07-01 10:47:20,1124,0.4428888,0,0.0057147,0.5836131
2025-07-01 10:47:21,1125,0.4421744,0,0.0057147,0.5850418
2025-07-01 10:47:22,1126,0.4421429,0,0.0057143,0.585
2025-07-01 10:47:23,1127,0.4421113,0,0.0064281,0.584244
2025-07-01 10:47:24,1128,0.4428888,0,0.0057147,0.5843275
2025-07-01 10:47:25,1129,0.4428571,0,0.0057143,0.5842857
2025-07-01 10:47:26,1130,0.4428571,0,0.0057143,0.585
2025-07-01 10:47:27,1131,0.4435714,0,0.0071429,0.585
2025-07-01 10:47:28,1132,0.4428571,0,0.0071429,0.585
2025-07-01 10:47:29,1133,0.4428571,0,0.0057143,0.5857143
2025-07-01 10:47:30,1134,0.4428888,0,0.0057147,0.5857561
2025-07-01 10:47:31,1135,0.4428888,0,0.0057147,0.5850418
2025-07-01 10:47:32,1136,0.4428255,0,0.0042854,0.5849582
2025-07-01 10:47:33,1137,0.4428571,0,0.005,0.5857143
2025-07-01 10:47:34,1138,0.4435714,0,0.005,0.585
2025-07-01 10:47:35,1139,0.4435714,0,0.0042857,0.585
2025-07-01 10:47:36,1140,0.4428571,0,0.0042857,0.585
2025-07-01 10:47:37,1141,0.4428888,0,0.0035717,0.5850418
2025-07-01 10:47:38,1142,0.4421429,0,0.0028571,0.585
2025-07-01 10:47:39,1143,0.4428571,0,0.005,0.585
2025-07-01 10:47:40,1144,0.4421429,0,0.005,0.5842857
2025-07-01 10:47:41,1145,0.4421744,0,0.0035717,0.5843275
2025-07-01 10:47:42,1146,0.4421429,0,0.0035714,0.585
2025-07-01 10:47:43,1147,0.4428571,0,0.0042857,0.5842857
2025-07-01 10:47:44,1148,0.4421429,0,0.005,0.585
2025-07-01 10:47:45,1149,0.4421429,0,0.005,0.585
2025-07-01 10:47:46,1150,0.4421429,0,0.005,0.5842857
2025-07-01 10:47:47,1151,0.4428571,0,0.005,0.5842857
2025-07-01 10:47:48,1152,0.4428571,0,0.005,0.585
2025-07-01 10:47:49,1153,0.4428571,0,0.005,0.5842857
2025-07-01 10:47:50,1154,0.4421429,0,0.005,0.5842857
2025-07-01 10:47:51,1155,0.4428571,0,0.0057143,0.5842857
2025-07-01 10:47:52,1156,0.4435397,0,0.0057139,0.5849582
2025-07-01 10:47:53,1157,0.4428571,0,0.0035714,0.5842857
2025-07-01 10:47:54,1158,0.4421429,0,0.0035714,0.585
2025-07-01 10:47:55,1159,0.4435714,0,0.0042857,0.5842857
2025-07-01 10:47:56,1160,0.4428255,0,0.0049996,0.5835297
2025-07-01 10:47:57,1161,0.4428571,0,0.0042857,0.5835714
2025-07-01 10:47:58,1162,0.4428255,0,0.0042854,0.5835297
2025-07-01 10:47:59,1163,0.4428571,0,0.0035714,0.5842857
2025-07-01 10:48:00,1164,0.4436031,0,0.0035717,0.5843275
2025-07-01 10:48:01,1165,0.4428571,0,0.0035714,0.5842857
2025-07-01 10:48:02,1166,0.4421429,0,0.005,0.5842857
2025-07-01 10:48:03,1167,0.4428255,0,0.0064281,0.5849582
2025-07-01 10:48:04,1168,0.444254,0,0.0064281,0.584244
2025-07-01 10:48:05,1169,0.4428571,0,0.0057143,0.5842857
2025-07-01 10:48:06,1170,0.4428571,0,0.0064286,0.5835714
2025-07-01 10:48:07,1171,0.4428571,0,0.0064286,0.5842857
2025-07-01 10:48:08,1172,0.4435714,0,0.0071429,0.5835714
2025-07-01 10:48:09,1173,0.4428571,0,0.0064286,0.5842857
2025-07-01 10:48:10,1174,0.4428888,0,0.0057147,0.5843275
2025-07-01 10:48:11,1175,0.4428255,0,0.0057139,0.5849582
2025-07-01 10:48:12,1176,0.4428888,0,0.0050004,0.5843275
2025-07-01 10:48:13,1177,0.4428571,0,0.0064286,0.5842857
2025-07-01 10:48:14,1178,0.4421429,0,0.0064286,0.5842857
2025-07-01 10:48:15,1179,0.4421429,0,0.0057143,0.5835714
2025-07-01 10:48:16,1180,0.4428571,0,0.0042857,0.5842857
2025-07-01 10:48:17,1181,0.4421429,0,0.0028571,0.5842857
2025-07-01 10:48:18,1182,0.4421744,0,0.0035717,0.5843275
2025-07-01 10:48:19,1183,0.4428571,0,0.0035714,0.585
2025-07-01 10:48:20,1184,0.4414286,0,0.0028571,0.585
2025-07-01 10:48:21,1185,0.4421429,0,0.0035714,0.585
2025-07-01 10:48:22,1186,0.4421113,0,0.0028569,0.5856725
2025-07-01 10:48:23,1187,0.4414286,0,0.0028571,0.585
2025-07-01 10:48:24,1188,0.4421429,0,0.0035714,0.585
2025-07-01 10:48:25,1189,0.4421744,0,0.0050004,0.5850418
2025-07-01 10:48:26,1190,0.4421429,0,0.005,0.585
2025-07-01 10:48:27,1191,0.4421429,0,0.0035714,0.585
2025-07-01 10:48:28,1192,0.4428571,0,0.0042857,0.585
2025-07-01 10:48:29,1193,0.4421429,0,0.0057143,0.5857143
2025-07-01 10:48:30,1194,0.4421429,0,0.0057143,0.585
2025-07-01 10:48:31,1195,0.4421744,0,0.0057147,0.5843275
2025-07-01 10:48:32,1196,0.4421429,0,0.005,0.585
2025-07-01 10:48:33,1197,0.4421429,0,0.005,0.5842857
2025-07-01 10:48:34,1198,0.4428888,0,0.0050004,0.5850418
2025-07-01 10:48:35,1199,0.4428571,0,0.0042857,0.585
2025-07-01 10:48:36,1200,0.4428571,0,0.005,0.5842857
2025-07-01 10:48:37,1201,0.4428255,0,0.0057139,0.584244
2025-07-01 10:48:38,1202,0.4428571,0,0.0057143,0.5842857
2025-07-01 10:48:39,1203,0.4421429,0,0.0042857,0.5842857
2025-07-01 10:48:40,1204,0.4428571,0,0.0042857,0.5842857
2025-07-01 10:48:41,1205,0.4428255,0,0.0064281,0.584244
2025-07-01 10:48:42,1206,0.4421113,0,0.0057139,0.5849582
2025-07-01 10:48:43,1207,0.4435714,0,0.0042857,0.5842857
2025-07-01 10:48:44,1208,0.4421113,0,0.0042854,0.584244
2025-07-01 10:48:45,1209,0.4428571,0,0.0057143,0.585
2025-07-01 10:48:46,1210,0.4421429,0,0.0057143,0.5842857
2025-07-01 10:48:47,1211,0.4421429,0,0.0057143,0.5842857
2025-07-01 10:48:48,1212,0.4421429,0,0.0064286,0.5842857
2025-07-01 10:48:49,1213,0.4414286,0,0.0064286,0.5835714
2025-07-01 10:48:50,1214,0.4421744,0,0.0057147,0.5843275
2025-07-01 10:48:51,1215,0.4421744,0,0.0050004,0.5843275
2025-07-01 10:48:52,1216,0.4428571,0,0.0057143,0.585
2025-07-01 10:48:53,1217,0.4421113,0,0.0057139,0.5849582
2025-07-01 10:48:54,1218,0.4421429,0,0.0064286,0.585
2025-07-01 10:48:55,1219,0.4421744,0,0.004286,0.5843275
2025-07-01 10:48:56,1220,0.4421744,0,0.004286,0.5843275
2025-07-01 10:48:57,1221,0.4421429,0,0.005,0.5842857
2025-07-01 10:48:58,1222,0.4436031,0,0.0050004,0.5850418
2025-07-01 10:48:59,1223,0.4421429,0,0.0035714,0.5835714
2025-07-01 10:49:00,1224,0.4428571,0,0.005,0.585
2025-07-01 10:49:01,1225,0.4435714,0,0.005,0.585
2025-07-01 10:49:02,1226,0.4435714,0,0.0042857,0.5842857
2025-07-01 10:49:03,1227,0.4435714,0,0.005,0.585
2025-07-01 10:49:04,1228,0.4428255,0,0.0064281,0.584244
2025-07-01 10:49:05,1229,0.4435714,0,0.0064286,0.5842857
2025-07-01 10:49:06,1230,0.4428571,0,0.005,0.5842857
2025-07-01 10:49:07,1231,0.4428888,0,0.006429,0.5836131
2025-07-01 10:49:08,1232,0.4428571,0,0.0057143,0.5842857
2025-07-01 10:49:09,1233,0.4428571,0,0.0057143,0.5842857
2025-07-01 10:49:10,1234,0.4435714,0,0.0064286,0.5835714
2025-07-01 10:49:11,1235,0.4428571,0,0.0057143,0.5835714
2025-07-01 10:49:12,1236,0.4421429,0,0.0057143,0.5842857
2025-07-01 10:49:13,1237,0.4428571,0,0.0057143,0.585
2025-07-01 10:49:14,1238,0.4421429,0,0.005,0.5828571
2025-07-01 10:49:15,1239,0.4421429,0,0.005,0.5842857
2025-07-01 10:49:16,1240,0.4421429,0,0.0057143,0.5842857
2025-07-01 10:49:17,1241,0.4421429,0,0.005,0.5835714
2025-07-01 10:49:18,1242,0.4428888,0,0.0035717,0.5843275
2025-07-01 10:49:19,1243,0.4421429,0,0.0042857,0.585
2025-07-01 10:49:20,1244,0.4421113,0,0.0049996,0.584244
2025-07-01 10:49:21,1245,0.4428255,0,0.0035712,0.584244
2025-07-01 10:49:22,1246,0.4428571,0,0.0042857,0.5835714
2025-07-01 10:49:23,1247,0.4421429,0,0.005,0.5842857
2025-07-01 10:49:24,1248,0.4421429,0,0.0042857,0.585
2025-07-01 10:49:25,1249,0.4421429,0,0.005,0.585
2025-07-01 10:49:26,1250,0.4421429,0,0.005,0.5835714
2025-07-01 10:49:27,1251,0.4428255,0,0.0049996,0.584244
2025-07-01 10:49:28,1252,0.4428571,0,0.0042857,0.585
2025-07-01 10:49:29,1253,0.4428571,0,0.0042857,0.5835714
2025-07-01 10:49:30,1254,0.4421429,0,0.0042857,0.5842857
2025-07-01 10:49:31,1255,0.4421113,0,0.0049996,0.584244
2025-07-01 10:49:32,1256,0.4421429,0,0.0057143,0.5842857
2025-07-01 10:49:33,1257,0.4421113,0,0.0049996,0.5835297
2025-07-01 10:49:34,1258,0.4421429,0,0.0042857,0.5842857
2025-07-01 10:49:35,1259,0.4421744,0,0.004286,0.5843275
2025-07-01 10:49:36,1260,0.4414286,0,0.0035714,0.585
2025-07-01 10:49:37,1261,0.4421113,0,0.0028569,0.584244
2025-07-01 10:49:38,1262,0.4421429,0,0.0028571,0.5835714
2025-07-01 10:49:39,1263,0.4421429,0,0.0035714,0.5842857
2025-07-01 10:49:40,1264,0.4421429,0,0.0042857,0.5842857
2025-07-01 10:49:41,1265,0.4414601,0,0.0050004,0.5836131
2025-07-01 10:49:42,1266,0.4421429,0,0.0057143,0.5842857
2025-07-01 10:49:43,1267,0.4414286,0,0.0057143,0.585
2025-07-01 10:49:44,1268,0.4421429,0,0.0057143,0.5835714
2025-07-01 10:49:45,1269,0.4428888,0,0.0050004,0.5843275
2025-07-01 10:49:46,1270,0.4414286,0,0.0042857,0.5835714
2025-07-01 10:49:47,1271,0.4421744,0,0.0050004,0.5843275
2025-07-01 10:49:48,1272,0.4428888,0,0.0057147,0.5843275
2025-07-01 10:49:49,1273,0.4428571,0,0.0057143,0.5835714
2025-07-01 10:49:50,1274,0.4428571,0,0.0064286,0.5835714
2025-07-01 10:49:51,1275,0.4428571,0,0.0064286,0.5842857
2025-07-01 10:49:52,1276,0.4421429,0,0.0064286,0.5842857
2025-07-01 10:49:53,1277,0.4428255,0,0.0049996,0.5835297
2025-07-01 10:49:54,1278,0.4421429,0,0.0042857,0.5842857
2025-07-01 10:49:55,1279,0.4428571,0,0.005,0.5842857
2025-07-01 10:49:56,1280,0.4421429,0,0.005,0.5842857
2025-07-01 10:49:57,1281,0.4421113,0,0.0049996,0.5835297
2025-07-01 10:49:58,1282,0.4421429,0,0.005,0.5842857
2025-07-01 10:49:59,1283,0.4421113,0,0.0049996,0.5835297
2025-07-01 10:50:00,1284,0.4421429,0,0.0057143,0.5842857
2025-07-01 10:50:01,1285,0.4421429,0,0.005,0.5835714
2025-07-01 10:50:02,1286,0.4414286,0,0.0057143,0.5835714
2025-07-01 10:50:03,1287,0.441397,0,0.0057139,0.584244
2025-07-01 10:50:04,1288,0.4421429,0,0.005,0.5842857
2025-07-01 10:50:05,1289,0.4421744,0,0.0050004,0.5836131
2025-07-01 10:50:06,1290,0.4421113,0,0.0049996,0.584244
2025-07-01 10:50:07,1291,0.4421429,0,0.0064286,0.5835714
2025-07-01 10:50:08,1292,0.4421429,0,0.0064286,0.5835714
2025-07-01 10:50:09,1293,0.4414286,0,0.005,0.5835714
2025-07-01 10:50:10,1294,0.4421429,0,0.005,0.5835714
2025-07-01 10:50:11,1295,0.4421744,0,0.0050004,0.5836131
2025-07-01 10:50:12,1296,0.4421113,0,0.0042854,0.584244
2025-07-01 10:50:13,1297,0.4414601,0,0.0050004,0.5843275
2025-07-01 10:50:14,1298,0.4428571,0,0.0042857,0.5842857
2025-07-01 10:50:15,1299,0.4421429,0,0.0042857,0.5842857
2025-07-01 10:50:16,1300,0.4421429,0,0.0035714,0.5835714
2025-07-01 10:50:17,1301,0.4428888,0,0.004286,0.5836131
2025-07-01 10:50:18,1302,0.4414286,0,0.0042857,0.5835714
2025-07-01 10:50:19,1303,0.4421429,0,0.005,0.5835714
2025-07-01 10:50:20,1304,0.4421744,0,0.0050004,0.5836131
2025-07-01 10:50:21,1305,0.4414601,0,0.0035717,0.5836131
2025-07-01 10:50:22,1306,0.4421429,0,0.0035714,0.5835714
2025-07-01 10:50:23,1307,0.4428571,0,0.005,0.5842857
2025-07-01 10:50:24,1308,0.4414286,0,0.0042857,0.5835714
2025-07-01 10:50:25,1309,0.4421429,0,0.005,0.5835714
2025-07-01 10:50:26,1310,0.4414601,0,0.0057147,0.5836131
2025-07-01 10:50:27,1311,0.4421429,0,0.005,0.5842857
2025-07-01 10:50:28,1312,0.4414286,0,0.005,0.5828571
2025-07-01 10:50:29,1313,0.4414286,0,0.005,0.5835714
2025-07-01 10:50:30,1314,0.4421429,0,0.0042857,0.5835714
2025-07-01 10:50:31,1315,0.4414286,0,0.0035714,0.5842857
2025-07-01 10:50:32,1316,0.4428571,0,0.0042857,0.5835714
2025-07-01 10:50:33,1317,0.4421429,0,0.0042857,0.5842857
2025-07-01 10:50:34,1318,0.4421429,0,0.005,0.5835714
2025-07-01 10:50:35,1319,0.4421429,0,0.005,0.5842857
2025-07-01 10:50:36,1320,0.4421429,0,0.005,0.5835714
2025-07-01 10:50:37,1321,0.4421429,0,0.0042857,0.5835714
2025-07-01 10:50:38,1322,0.4421429,0,0.0042857,0.5842857
2025-07-01 10:50:39,1323,0.4421429,0,0.0042857,0.5842857
2025-07-01 10:50:40,1324,0.4428571,0,0.0035714,0.5835714
2025-07-01 10:50:41,1325,0.4421429,0,0.0042857,0.5828571
2025-07-01 10:50:42,1326,0.4428571,0,0.0057143,0.5835714
2025-07-01 10:50:43,1327,0.4428571,0,0.0064286,0.5842857
2025-07-01 10:50:44,1328,0.4421429,0,0.0064286,0.5835714
2025-07-01 10:50:45,1329,0.4421429,0,0.0064286,0.5835714
2025-07-01 10:50:46,1330,0.4414286,0,0.0057143,0.5835714
2025-07-01 10:50:47,1331,0.4421429,0,0.0057143,0.5835714
2025-07-01 10:50:48,1332,0.4421429,0,0.0057143,0.5842857
2025-07-01 10:50:49,1333,0.4421113,0,0.0057139,0.584244
2025-07-01 10:50:50,1334,0.4428255,0,0.0057139,0.584244
2025-07-01 10:50:51,1335,0.4421113,0,0.0064281,0.5835297
2025-07-01 10:50:52,1336,0.4435397,0,0.0064281,0.5828155
2025-07-01 10:50:53,1337,0.4421113,0,0.0064281,0.5835297
2025-07-01 10:50:54,1338,0.4428255,0,0.0064281,0.584244
2025-07-01 10:50:55,1339,0.4428255,0,0.0064281,0.584244
2025-07-01 10:50:56,1340,0.4421429,0,0.005,0.585
2025-07-01 10:50:57,1341,0.4421429,0,0.005,0.5835714
2025-07-01 10:50:58,1342,0.4421429,0,0.005,0.5842857
2025-07-01 10:50:59,1343,0.4428571,0,0.005,0.5842857
2025-07-01 10:51:00,1344,0.4428571,0,0.005,0.5842857
2025-07-01 10:51:01,1345,0.4414286,0,0.0042857,0.5842857
2025-07-01 10:51:02,1346,0.4421429,0,0.0042857,0.5842857
2025-07-01 10:51:03,1347,0.4421744,0,0.0057147,0.5836131
2025-07-01 10:51:04,1348,0.4414601,0,0.0057147,0.5843275
2025-07-01 10:51:05,1349,0.4421744,0,0.004286,0.5843275
2025-07-01 10:51:06,1350,0.4414601,0,0.004286,0.5850418
2025-07-01 10:51:07,1351,0.4421744,0,0.004286,0.5850418
2025-07-01 10:51:08,1352,0.4421429,0,0.005,0.5835714
2025-07-01 10:51:09,1353,0.4414601,0,0.004286,0.5836131
2025-07-01 10:51:10,1354,0.4421429,0,0.0042857,0.5835714
2025-07-01 10:51:11,1355,0.4421429,0,0.0042857,0.5835714
2025-07-01 10:51:12,1356,0.4421429,0,0.0042857,0.5842857
2025-07-01 10:51:13,1357,0.4421429,0,0.0057143,0.5842857
2025-07-01 10:51:14,1358,0.4421113,0,0.0057139,0.584244
2025-07-01 10:51:15,1359,0.4435714,0,0.0057143,0.5835714
2025-07-01 10:51:16,1360,0.4435397,0,0.0057139,0.5835297
2025-07-01 10:51:17,1361,0.4428255,0,0.0042854,0.584244
2025-07-01 10:51:18,1362,0.4435714,0,0.005,0.5842857
2025-07-01 10:51:19,1363,0.4428571,0,0.0057143,0.5842857
2025-07-01 10:51:20,1364,0.4428571,0,0.0057143,0.5835714
2025-07-01 10:51:21,1365,0.4428571,0,0.005,0.5835714
2025-07-01 10:51:22,1366,0.4428888,0,0.004286,0.5843275
2025-07-01 10:51:23,1367,0.4435714,0,0.0042857,0.5842857
2025-07-01 10:51:24,1368,0.4421429,0,0.0057143,0.5842857
2025-07-01 10:51:25,1369,0.4428571,0,0.005,0.585
2025-07-01 10:51:26,1370,0.4428571,0,0.0057143,0.5842857
2025-07-01 10:51:27,1371,0.4428571,0,0.0042857,0.5835714
2025-07-01 10:51:28,1372,0.4428571,0,0.0042857,0.5835714
2025-07-01 10:51:29,1373,0.4421429,0,0.0042857,0.5842857
2025-07-01 10:51:30,1374,0.4421744,0,0.004286,0.5836131
2025-07-01 10:51:31,1375,0.4428888,0,0.0050004,0.5843275
2025-07-01 10:51:32,1376,0.4414286,0,0.0042857,0.5835714
2025-07-01 10:51:33,1377,0.4421429,0,0.0035714,0.5842857
2025-07-01 10:51:34,1378,0.4428255,0,0.0035712,0.584244
2025-07-01 10:51:35,1379,0.4428571,0,0.005,0.5835714
2025-07-01 10:51:36,1380,0.4421429,0,0.005,0.5842857
2025-07-01 10:51:37,1381,0.4421429,0,0.0057143,0.585
2025-07-01 10:51:38,1382,0.4435714,0,0.0042857,0.5842857
2025-07-01 10:51:39,1383,0.4428571,0,0.005,0.5835714
2025-07-01 10:51:40,1384,0.4435714,0,0.005,0.5842857
2025-07-01 10:51:41,1385,0.4421429,0,0.005,0.5842857
2025-07-01 10:51:42,1386,0.4428888,0,0.006429,0.5843275
2025-07-01 10:51:43,1387,0.4428571,0,0.0071429,0.5842857
2025-07-01 10:51:44,1388,0.4428571,0,0.0064286,0.5842857
2025-07-01 10:51:45,1389,0.4421429,0,0.0057143,0.5835714
2025-07-01 10:51:46,1390,0.4435397,0,0.0064281,0.584244
2025-07-01 10:51:47,1391,0.4428571,0,0.0064286,0.5835714
2025-07-01 10:51:48,1392,0.4421744,0,0.006429,0.5843275
2025-07-01 10:51:49,1393,0.4428255,0,0.0049996,0.584244
2025-07-01 10:51:50,1394,0.4428571,0,0.0057143,0.5842857
2025-07-01 10:51:51,1395,0.4428571,0,0.005,0.5828571
2025-07-01 10:51:52,1396,0.4421113,0,0.0057139,0.584244
2025-07-01 10:51:53,1397,0.4421113,0,0.0057139,0.584244
2025-07-01 10:51:54,1398,0.441397,0,0.0049996,0.5835297
2025-07-01 10:51:55,1399,0.4421429,0,0.0057143,0.5835714
2025-07-01 10:51:56,1400,0.4421429,0,0.0042857,0.5842857
2025-07-01 10:51:57,1401,0.4421429,0,0.0035714,0.5835714
2025-07-01 10:51:58,1402,0.4414286,0,0.0042857,0.5835714
2025-07-01 10:51:59,1403,0.4421429,0,0.0042857,0.5835714
2025-07-01 10:52:00,1404,0.4421744,0,0.0035717,0.5836131
2025-07-01 10:52:01,1405,0.4421429,0,0.0042857,0.5842857
2025-07-01 10:52:02,1406,0.4421429,0,0.0042857,0.5828571
2025-07-01 10:52:03,1407,0.4421744,0,0.004286,0.5836131
2025-07-01 10:52:04,1408,0.4421429,0,0.0035714,0.5828571
2025-07-01 10:52:05,1409,0.4421429,0,0.0035714,0.5842857
2025-07-01 10:52:06,1410,0.4421744,0,0.004286,0.5828988
2025-07-01 10:52:07,1411,0.4428888,0,0.004286,0.5836131
2025-07-01 10:52:08,1412,0.4428888,0,0.004286,0.5836131
2025-07-01 10:52:09,1413,0.4435714,0,0.0042857,0.5835714
2025-07-01 10:52:10,1414,0.4428571,0,0.0042857,0.5835714
2025-07-01 10:52:11,1415,0.4428255,0,0.0049996,0.5835297
2025-07-01 10:52:12,1416,0.4428571,0,0.0042857,0.5835714
2025-07-01 10:52:13,1417,0.4428571,0,0.005,0.5835714
2025-07-01 10:52:14,1418,0.4421429,0,0.0057143,0.5828571
2025-07-01 10:52:15,1419,0.4421429,0,0.005,0.5835714
2025-07-01 10:52:16,1420,0.4421429,0,0.0057143,0.5835714
2025-07-01 10:52:17,1421,0.4414286,0,0.0057143,0.5835714
2025-07-01 10:52:18,1422,0.4428571,0,0.0057143,0.5835714
2025-07-01 10:52:19,1423,0.4421429,0,0.0071429,0.5835714
2025-07-01 10:52:20,1424,0.4421429,0,0.0057143,0.5835714
2025-07-01 10:52:21,1425,0.4421429,0,0.0057143,0.5835714
2025-07-01 10:52:22,1426,0.4421429,0,0.0057143,0.5835714
2025-07-01 10:52:23,1427,0.4421429,0,0.0057143,0.5835714
2025-07-01 10:52:24,1428,0.4421429,0,0.0057143,0.5835714
2025-07-01 10:52:25,1429,0.4421744,0,0.0057147,0.5843275
2025-07-01 10:52:26,1430,0.4421429,0,0.0057143,0.5842857
2025-07-01 10:52:27,1431,0.4421429,0,0.005,0.5842857
2025-07-01 10:52:28,1432,0.4421429,0,0.0057143,0.5842857
2025-07-01 10:52:29,1433,0.4421429,0,0.0057143,0.5835714
2025-07-01 10:52:30,1434,0.4428571,0,0.005,0.585
2025-07-01 10:52:31,1435,0.4428255,0,0.0049996,0.5835297
2025-07-01 10:52:32,1436,0.4414286,0,0.005,0.5842857
2025-07-01 10:52:33,1437,0.4421429,0,0.005,0.5835714
2025-07-01 10:52:34,1438,0.4421429,0,0.005,0.5842857
2025-07-01 10:52:35,1439,0.4414286,0,0.005,0.5835714
2025-07-01 10:52:36,1440,0.4414286,0,0.005,0.5835714
2025-07-01 10:52:37,1441,0.4414286,0,0.0042857,0.5835714
2025-07-01 10:52:38,1442,0.4414286,0,0.005,0.5835714
2025-07-01 10:52:39,1443,0.441397,0,0.0042854,0.5828155
2025-07-01 10:52:40,1444,0.4421429,0,0.0057143,0.5835714
2025-07-01 10:52:41,1445,0.441397,0,0.0057139,0.5835297
2025-07-01 10:52:42,1446,0.4421429,0,0.0042857,0.5842857
2025-07-01 10:52:43,1447,0.4421113,0,0.0049996,0.5835297
2025-07-01 10:52:44,1448,0.4414286,0,0.005,0.5828571
2025-07-01 10:52:45,1449,0.4414601,0,0.0050004,0.5836131
2025-07-01 10:52:46,1450,0.441397,0,0.0049996,0.5835297
2025-07-01 10:52:47,1451,0.4421429,0,0.0035714,0.5835714
2025-07-01 10:52:48,1452,0.4421429,0,0.005,0.5835714
2025-07-01 10:52:49,1453,0.4428571,0,0.005,0.5842857
2025-07-01 10:52:50,1454,0.4428571,0,0.005,0.5835714
2025-07-01 10:52:51,1455,0.441397,0,0.0049996,0.584244
2025-07-01 10:52:52,1456,0.4428255,0,0.0042854,0.5835297
2025-07-01 10:52:53,1457,0.4421744,0,0.0050004,0.5836131
2025-07-01 10:52:54,1458,0.4421429,0,0.0042857,0.5835714
2025-07-01 10:52:55,1459,0.4428888,0,0.0050004,0.5836131
2025-07-01 10:52:56,1460,0.441397,0,0.0049996,0.5828155
2025-07-01 10:52:57,1461,0.4421744,0,0.004286,0.5836131
2025-07-01 10:52:58,1462,0.4421429,0,0.0042857,0.5835714
2025-07-01 10:52:59,1463,0.4421113,0,0.0049996,0.5835297
2025-07-01 10:53:00,1464,0.4428888,0,0.0050004,0.5836131
2025-07-01 10:53:01,1465,0.4414286,0,0.005,0.5835714
2025-07-01 10:53:02,1466,0.4421429,0,0.0035714,0.5835714
2025-07-01 10:53:03,1467,0.4421429,0,0.0035714,0.5828571
2025-07-01 10:53:04,1468,0.4421429,0,0.0042857,0.5835714
2025-07-01 10:53:05,1469,0.4428888,0,0.004286,0.5836131
2025-07-01 10:53:06,1470,0.4421429,0,0.0042857,0.5835714
2025-07-01 10:53:07,1471,0.4428571,0,0.005,0.5835714
2025-07-01 10:53:08,1472,0.4421429,0,0.0042857,0.5835714
2025-07-01 10:53:09,1473,0.4421113,0,0.0042854,0.584244
2025-07-01 10:53:10,1474,0.4436031,0,0.0057147,0.5836131
2025-07-01 10:53:11,1475,0.4421113,0,0.0071423,0.5835297
2025-07-01 10:53:12,1476,0.4428571,0,0.0071429,0.5835714
2025-07-01 10:53:13,1477,0.4428888,0,0.006429,0.5843275
2025-07-01 10:53:14,1478,0.4421113,0,0.0064281,0.5835297
2025-07-01 10:53:15,1479,0.4435714,0,0.0064286,0.5835714
2025-07-01 10:53:16,1480,0.4428571,0,0.0064286,0.5835714
2025-07-01 10:53:17,1481,0.4421429,0,0.0064286,0.5835714
2025-07-01 10:53:18,1482,0.4421429,0,0.0057143,0.5842857
2025-07-01 10:53:19,1483,0.4421429,0,0.0057143,0.5835714
2025-07-01 10:53:20,1484,0.4421744,0,0.006429,0.5836131
2025-07-01 10:53:21,1485,0.4421429,0,0.0057143,0.5835714
2025-07-01 10:53:22,1486,0.4428571,0,0.0057143,0.5835714
2025-07-01 10:53:23,1487,0.4428888,0,0.0050004,0.5836131
2025-07-01 10:53:24,1488,0.4421429,0,0.0035714,0.5842857
2025-07-01 10:53:25,1489,0.4428888,0,0.002143,0.5836131
2025-07-01 10:53:26,1490,0.4421113,0,0.0028569,0.584244
2025-07-01 10:53:27,1491,0.4421429,0,0.0028571,0.5835714
2025-07-01 10:53:28,1492,0.4428888,0,0.0035717,0.5836131
2025-07-01 10:53:29,1493,0.4421113,0,0.0042854,0.584244
2025-07-01 10:53:30,1494,0.4421429,0,0.0042857,0.5835714
2025-07-01 10:53:31,1495,0.4421429,0,0.0042857,0.5835714
2025-07-01 10:53:32,1496,0.4421113,0,0.0042854,0.5835297
2025-07-01 10:53:33,1497,0.4428571,0,0.0057143,0.5835714
2025-07-01 10:53:34,1498,0.4421429,0,0.005,0.5842857
2025-07-01 10:53:35,1499,0.4421113,0,0.0042854,0.584244
2025-07-01 10:53:36,1500,0.4414286,0,0.0057143,0.5835714
2025-07-01 10:53:37,1501,0.4421429,0,0.0057143,0.5835714
2025-07-01 10:53:38,1502,0.4421429,0,0.0057143,0.5835714
2025-07-01 10:53:39,1503,0.4421113,0,0.0057139,0.5835297
2025-07-01 10:53:40,1504,0.4421744,0,0.0050004,0.5836131
2025-07-01 10:53:41,1505,0.4428571,0,0.005,0.5835714
2025-07-01 10:53:42,1506,0.4421113,0,0.0049996,0.5835297
2025-07-01 10:53:43,1507,0.4421744,0,0.0050004,0.5828988
2025-07-01 10:53:44,1508,0.4421429,0,0.005,0.5835714
2025-07-01 10:53:45,1509,0.4421429,0,0.0042857,0.5835714
2025-07-01 10:53:46,1510,0.4428888,0,0.0050004,0.5828988
2025-07-01 10:53:47,1511,0.4421429,0,0.0042857,0.5828571
2025-07-01 10:53:48,1512,0.4421113,0,0.0042854,0.5828155
2025-07-01 10:53:49,1513,0.4421429,0,0.0042857,0.5828571
2025-07-01 10:53:50,1514,0.4421429,0,0.0028571,0.5835714
2025-07-01 10:53:51,1515,0.4414286,0,0.0035714,0.5828571
2025-07-01 10:53:52,1516,0.4421429,0,0.005,0.5828571
2025-07-01 10:53:53,1517,0.4414286,0,0.0057143,0.5835714
2025-07-01 10:53:54,1518,0.4421113,0,0.0057139,0.5828155
2025-07-01 10:53:55,1519,0.4421429,0,0.0064286,0.5828571
2025-07-01 10:53:56,1520,0.4421744,0,0.006429,0.5828988
2025-07-01 10:53:57,1521,0.4421113,0,0.0064281,0.5835297
2025-07-01 10:53:58,1522,0.4421429,0,0.0064286,0.5828571
2025-07-01 10:53:59,1523,0.4421429,0,0.0078571,0.5828571
2025-07-01 10:54:00,1524,0.4414286,0,0.0071429,0.5835714
2025-07-01 10:54:01,1525,0.4414286,0,0.0064286,0.5835714
2025-07-01 10:54:02,1526,0.4414601,0,0.006429,0.5836131
2025-07-01 10:54:03,1527,0.4414286,0,0.0064286,0.5835714
2025-07-01 10:54:04,1528,0.4421429,0,0.0064286,0.5828571
2025-07-01 10:54:05,1529,0.4421429,0,0.0064286,0.5835714
2025-07-01 10:54:06,1530,0.441397,0,0.0049996,0.5835297
2025-07-01 10:54:07,1531,0.4428888,0,0.0050004,0.5836131
2025-07-01 10:54:08,1532,0.4414601,0,0.0050004,0.5828988
2025-07-01 10:54:09,1533,0.4414286,0,0.0042857,0.5835714
2025-07-01 10:54:10,1534,0.4414286,0,0.0042857,0.5842857
2025-07-01 10:54:11,1535,0.4414601,0,0.0050004,0.5836131
2025-07-01 10:54:12,1536,0.4421113,0,0.0049996,0.5835297
2025-07-01 10:54:13,1537,0.4421113,0,0.0035712,0.5835297
2025-07-01 10:54:14,1538,0.4421113,0,0.0035712,0.5828155
2025-07-01 10:54:15,1539,0.4421429,0,0.005,0.5835714
2025-07-01 10:54:16,1540,0.4421429,0,0.005,0.5828571
2025-07-01 10:54:17,1541,0.4421429,0,0.0057143,0.5835714
2025-07-01 10:54:18,1542,0.4414286,0,0.0057143,0.5835714
2025-07-01 10:54:19,1543,0.4414286,0,0.005,0.5828571
2025-07-01 10:54:20,1544,0.4421744,0,0.0050004,0.5836131
2025-07-01 10:54:21,1545,0.4414286,0,0.0042857,0.5828571
2025-07-01 10:54:22,1546,0.4421113,0,0.0049996,0.5835297
2025-07-01 10:54:23,1547,0.441397,0,0.0057139,0.5835297
2025-07-01 10:54:24,1548,0.4414286,0,0.005,0.5835714
2025-07-01 10:54:25,1549,0.4421429,0,0.0035714,0.5835714
2025-07-01 10:54:26,1550,0.4414601,0,0.0035717,0.5836131
