frequency,num_pairs,datamgmt/cpu_mean,datamgmt/cpu_median,datamgmt/cpu_std,datamgmt/cpu_mad,structural/cpu_mean,structural/cpu_median,structural/cpu_std,structural/cpu_mad,continuous/cpu_mean,continuous/cpu_median,continuous/cpu_std,continuous/cpu_mad,neo4j/cpu_mean,neo4j/cpu_median,neo4j/cpu_std,neo4j/cpu_mad,influxdb/cpu_mean,influxdb/cpu_median,influxdb/cpu_std,influxdb/cpu_mad,ros2talker/cpu_mean,ros2talker/cpu_median,ros2talker/cpu_std,ros2talker/cpu_mad,ros2listener/cpu_mean,ros2listener/cpu_median,ros2listener/cpu_std,ros2listener/cpu_mad,stream/cpu_mean,stream/cpu_median,stream/cpu_std,stream/cpu_mad,ros2/cpu_mean,ros2/cpu_median,ros2/cpu_std,ros2/cpu_mad
0,0,0.0,0,0,0,0.0,0,0,0,0.0,0,0,0,0.00871868833333333,0.006224699999999928,0.013785653263933946,0.0007517999999997471,0.0016178766666666664,0.0015070999999999835,0.0003548119995111224,8.999999999996793e-05,0.0,0.0,0.0,0.0,0.0,0.0,0.0,0.0,0.010336564999999997,0.007731799999999911,0.01414046526344507,0.000841799999999715,0.0,0.0,0.0,0.0
0,10,0.0,0,0,0,0.0,0,0,0,0.0,0,0,0,0.004552166666666626,0.0045942999999994075,0.0003863692686376442,0.00022559999999884842,0.0017737900000000077,0.0017026999999998794,0.00040876374017704864,0.0001183000000004597,0.00505,0.004999999999999982,0.0019953188935229868,0.001999999999999957,0.004850000000000001,0.004999999999999982,0.0020583254558153067,0.0010000000000000234,0.006325956666666634,0.006296999999999287,0.0007951330088146929,0.00034389999999930813,0.0099,0.009999999999999964,0.004053644349338293,0.0029999999999999805
0,20,0.0,0,0,0,0.0,0,0,0,0.0,0,0,0,0.004383714754098331,0.004434649999998897,0.0003346908957797171,0.0002696000000014464,0.0018066852459016256,0.001732300000000464,0.00037676430701384027,0.00012240000000076636,0.014049180327868852,0.014000000000000058,0.0036781151522819805,0.002000000000000047,0.014426229508196721,0.015000000000000036,0.0035447103903439654,0.002000000000000091,0.006190399999999957,0.006166949999999361,0.0007114552027935574,0.00039200000000221274,0.02847540983606557,0.029000000000000095,0.007222825542625946,0.004000000000000138
0,30,0.0,0,0,0,0.0,0,0,0,0.0,0,0,0,0.004249837704918025,0.004321049999998649,0.00044569451249985636,0.00027514999999880265,0.0017823016393442388,0.0017084499999995729,0.00035901643410142276,0.00010845000000045955,0.03101639344262295,0.03100000000000023,0.004666747376218929,0.00299999999999976,0.028918032786885234,0.028000000000000115,0.00556075839236927,0.0030000000000001137,0.006032139344262264,0.006029499999998222,0.0008047109466012791,0.0003835999999992622,0.05993442622950818,0.059000000000000344,0.010227505768588198,0.0059999999999998735
0,40,0.0,0,0,0,0.0,0,0,0,0.0,0,0,0,0.004236971666666704,0.004337899999995898,0.00033477397306101177,0.00021799999999530008,0.001804984999999988,0.0017284999999986894,0.0003775414126946516,0.00010880000000099707,0.05925,0.06099999999999994,0.005917808367441249,0.004000000000000628,0.058450000000000016,0.06000000000000085,0.006592239916647845,0.0050000000000011355,0.006041956666666692,0.006066399999994587,0.0007123153857556633,0.00032679999999629715,0.11770000000000001,0.1210000000000008,0.012510048284089095,0.009000000000001764
10,0,0.0,0,0,0,0.0,0,0,0,0.0,0,0,0,0.006355373333333331,0.005510700000000668,0.00309548687331378,0.000541199999999264,0.0017425549999999985,0.0016804000000000484,0.0003282522267670931,9.369999999995224e-05,0.0,0.0,0.0,0.0,0.0,0.0,0.0,0.0,0.008097928333333329,0.007191100000000717,0.003423739100080873,0.0006348999999992162,0.0,0.0,0.0,0.0
10,10,0.0,0,0,0,0.0,0,0,0,0.0,0,0,0,0.00466539666666667,0.004705900000001861,0.0004852297550541632,0.00031830000000070396,0.0017745800000000024,0.0017010999999996558,0.00036916582490396726,0.0001459999999994467,0.02783333333333333,0.028000000000000115,0.0022686334735963834,0.0019999999999997797,0.01915,0.019000000000000038,0.0015352853514776115,0.0010000000000000668,0.006439976666666672,0.006407000000001517,0.0008543955799581304,0.00046430000000015066,0.046983333333333335,0.04700000000000015,0.003803918825073995,0.0029999999999998465
10,20,0.0,0,0,0,0.0,0,0,0,0.0,0,0,0,0.0045480550000000135,0.004646800000000439,0.00035108489842610683,0.0002915999999970609,0.0018633183333333157,0.001748999999999512,0.0005900761426611563,0.00011149999999986453,0.06235000000000001,0.06300000000000025,0.002865482110653575,0.001999999999999613,0.04168333333333333,0.04200000000000008,0.002619666661820398,0.0020000000000000434,0.006411373333333329,0.0063957999999999515,0.0009411610410872631,0.0004030999999969254,0.10403333333333334,0.10500000000000033,0.005485148772473973,0.003999999999999657
10,30,0.0,0,0,0,0.0,0,0,0,0.0,0,0,0,0.004398658333333287,0.004461200000002918,0.0003453875025615847,0.00026409999999259595,0.0018045483333333342,0.0017115999999987252,0.0003803598158597489,9.770000000060026e-05,0.10383333333333335,0.10600000000000023,0.005156578135867214,0.0039999999999995595,0.07035,0.07100000000000009,0.0040314369556682245,0.002999999999999392,0.006203206666666621,0.006172800000001644,0.0007257473184213336,0.0003617999999931962,0.17418333333333336,0.17700000000000032,0.00918801509153544,0.0069999999999989515
10,40,0.0,0,0,0,0.0,0,0,0,0.0,0,0,0,0.004061316666666812,0.004136900000003152,0.0002676133961101931,0.00019389999999930296,0.0018325733333333003,0.0017371999999994613,0.0004193698522415665,0.0001288999999985664,0.13921666666666666,0.13900000000000007,0.006823396337628416,0.004999999999999699,0.1008166666666667,0.1019999999999996,0.005823128476033607,0.0039999999999992125,0.005893890000000112,0.005874100000002613,0.0006869832483517596,0.00032279999999786937,0.24003333333333335,0.24099999999999966,0.012646524813662022,0.008999999999998912
20,0,0.0,0,0,0,0.0,0,0,0,0.0,0,0,0,0.0070509786885245875,0.005409250000000299,0.004882329484414316,0.0005047000000004695,0.0017528950819672147,0.0016924000000000383,0.0003622849424959823,0.00010429999999992388,0.0,0.0,0.0,0.0,0.0,0.0,0.0,0.0,0.008803873770491803,0.0071016500000003376,0.005244614426910299,0.0006090000000003934,0.0,0.0,0.0,0.0
20,10,0.0,0,0,0,0.0,0,0,0,0.0,0,0,0,0.004747263333333365,0.004717400000001248,0.0006004491337936467,0.00024279999999805586,0.0018090666666666644,0.001731200000000399,0.00037417559129502344,7.170000000087371e-05,0.049116666666666677,0.05,0.0019424808951579741,0.0010000000000001535,0.03231666666666667,0.03300000000000001,0.0020380655730258624,0.0010000000000000217,0.0065563300000000295,0.006448600000001647,0.0009746247250886702,0.00031449999999892957,0.08143333333333334,0.08300000000000002,0.003980546468183837,0.0020000000000001752
20,20,0.0,0,0,0,0.0,0,0,0,0.0,0,0,0,0.004504400000000052,0.004602699999998095,0.00032225740639006803,0.0001963000000046117,0.001798359999999993,0.001729500000000428,0.00034996654673564526,0.00012229999999959764,0.10586666666666665,0.10700000000000003,0.0032249574682654447,0.00199999999999996,0.06763333333333335,0.06899999999999977,0.0024709888890899405,0.00199999999999996,0.006302760000000044,0.0063321999999985225,0.0006722239531257133,0.00031860000000420935,0.1735,0.1759999999999998,0.005695946357355385,0.00399999999999992
20,30,0.0,0,0,0,0.0,0,0,0,0.0,0,0,0,0.003957373333333293,0.004034899999999198,0.0002357027579877768,0.00016339999999672675,0.0017886533333333434,0.001700800000000413,0.0003840971219016947,9.430000000065775e-05,0.15058333333333332,0.1530000000000001,0.00403629066277906,0.0030000000000001137,0.10314999999999999,0.10399999999999991,0.005057241019855106,0.003999999999999906,0.005746026666666636,0.005735699999999611,0.0006197998798894715,0.0002576999999973845,0.2537333333333333,0.257,0.009093531682634166,0.00700000000000002
20,40,0.0,0,0,0,0.0,0,0,0,0.0,0,0,0,0.0038286816666667773,0.003937099999996007,0.0003373633867020191,0.00025259999999889234,0.0017935216666666064,0.0017063000000007377,0.0004984495522427306,0.00011429999999563751,0.2078666666666667,0.21000000000000085,0.006525855602914211,0.004999999999999727,0.1484333333333333,0.1519999999999982,0.005661191932536574,0.003999999999996368,0.0056222033333333836,0.0056433999999967455,0.0008358129389447497,0.00036689999999452985,0.3563,0.36199999999999904,0.012187047535450786,0.008999999999996094
30,0,0.0,0,0,0,0.0,0,0,0,0.0,0,0,0,0.005007014999999982,0.004977300000000184,0.0007177975811538053,0.00018970000000138008,0.0017615733333333358,0.0017030999999999353,0.00031201483234763965,0.00011289999999988267,0.0,0.0,0.0,0.0,0.0,0.0,0.0,0.0,0.006768588333333317,0.006680400000000119,0.0010298124135014448,0.00030260000000126275,0.0,0.0,0.0,0.0
30,10,0.0,0,0,0,0.0,0,0,0,0.0,0,0,0,0.0045483426229508475,0.0046414999999996095,0.0002994371309989675,0.00019094999999964574,0.0017923229508196707,0.0017209499999999876,0.000362117126582592,0.00010690000000010945,0.07580327868852457,0.07699999999999996,0.002276383294604579,0.00199999999999996,0.04932786885245902,0.05,0.0015603671884245436,0.00099999999999998,0.006340665573770518,0.006362449999999597,0.0006615542575815596,0.0002978499999997552,0.1251311475409836,0.12699999999999995,0.0038367504830291227,0.00299999999999994
30,20,0.0,0,0,0,0.0,0,0,0,0.0,0,0,0,0.004277608333333282,0.00432360000000358,0.0003328440971353418,0.0002411000000051896,0.0017900866666667049,0.0017114999999989777,0.00042278978017112315,0.00011320000000125674,0.13535,0.13799999999999954,0.0028813473372856445,0.001999999999999613,0.09063333333333333,0.09200000000000016,0.00244351740800077,0.0010000000000005005,0.006067694999999987,0.006035100000002558,0.000755633877306465,0.00035430000000644633,0.2259833333333333,0.2299999999999997,0.0053248647452864145,0.0030000000000001137
30,30,0.0,0,0,0,0.0,0,0,0,0.0,0,0,0,0.004072243333333366,0.004148499999996602,0.0003035443242995492,0.000231899999994312,0.0017872383333333156,0.0017013999999988983,0.00042117665032317454,7.769999999993602e-05,0.20211666666666667,0.20500000000000043,0.00485415582311833,0.0030000000000008353,0.13596666666666665,0.13799999999999954,0.004197004303049063,0.0030000000000001137,0.005859481666666682,0.0058498999999955,0.0007247209746227238,0.000309599999994248,0.3380833333333333,0.34299999999999997,0.009051160126167393,0.006000000000000949
30,40,0.0,0,0,0,0.0,0,0,0,0.0,0,0,0,0.0037627149999999196,0.0037648999999873923,0.00035089841918422486,0.0002422000000024127,0.0019228983333332886,0.0016861000000005788,0.0012211288232610194,0.00011870000000158143,0.2743666666666667,0.277000000000001,0.006224233855148474,0.004999999999998284,0.1925166666666667,0.19500000000000028,0.006397919372491425,0.003999999999999199,0.005685613333333208,0.005450999999987971,0.0015720272424452441,0.00036090000000399414,0.46688333333333343,0.4720000000000013,0.012622153227639899,0.008999999999997482
40,0,0.0,0,0,0,0.0,0,0,0,0.0,0,0,0,0.004884948333333341,0.004988999999999066,0.0004026498514245175,0.00032100000000099323,0.0017469383333333312,0.0016898999999998665,0.000324675963850205,0.00011750000000034801,0.0,0.0,0.0,0.0,0.0,0.0,0.0,0.0,0.006631886666666672,0.006678899999998933,0.0007273258152747225,0.00043850000000134125,0.0,0.0,0.0,0.0
40,10,0.0,0,0,0,0.0,0,0,0,0.0,0,0,0,0.004214301666666671,0.0042750000000012275,0.000303149949384402,0.0002055999999981857,0.0017945899999999896,0.0017099999999999227,0.0003840507499979008,9.459999999990028e-05,0.09298333333333333,0.09499999999999993,0.002214927308223191,0.00199999999999996,0.05731666666666666,0.05800000000000018,0.002059886567496523,0.0010000000000002437,0.00600889166666666,0.00598500000000115,0.0006872006993823027,0.000300199999998086,0.1503,0.1530000000000001,0.004274813875719714,0.003000000000000204
40,20,0.0,0,0,0,0.0,0,0,0,0.0,0,0,0,0.004004583606557356,0.003960600000002045,0.00034641715367698375,0.00020775000000128243,0.0017744803278688668,0.0017035500000005754,0.00037769071977625913,0.00011774999999971671,0.15031147540983603,0.1530000000000001,0.002746286655737191,0.0019999999999995993,0.10050819672131149,0.10199999999999995,0.003218019533426456,0.00199999999999996,0.005779063934426223,0.005664150000002621,0.0007241078734532429,0.00032550000000099914,0.25081967213114753,0.25500000000000006,0.005964306189163647,0.0039999999999995595
40,30,0.0,0,0,0,0.0,0,0,0,0.0,0,0,0,0.003813663934426183,0.0038894500000026255,0.0002913422011624551,0.00018859999999563102,0.0017945983606557454,0.001698849999999652,0.0004727157967591275,0.00013615000000015691,0.2400983606557377,0.24399999999999977,0.004320624562510634,0.0030000000000001137,0.1627540983606557,0.16499999999999987,0.003471270302659294,0.002000000000000335,0.005608262295081929,0.005588300000002278,0.0007640579979215827,0.00032474999999578793,0.40285245901639344,0.40899999999999964,0.007791894865169928,0.0050000000000004485
40,40,0.0,0,0,0,0.0,0,0,0,0.0,0,0,0,0.00365156393442636,0.003691700000001674,0.00028244875243455317,0.00019900000000916407,0.001784137704918033,0.0016918000000003984,0.0004566445392301209,0.00013894999999877213,0.34101639344262297,0.3530000000000001,0.005948640499077044,0.003999999999999226,0.23440983606557375,0.24099999999999966,0.007167365484982893,0.006000000000000227,0.005435701639344393,0.005383500000002072,0.0007390932916646741,0.0003379500000079362,0.5754262295081967,0.5939999999999998,0.013116005984059938,0.009999999999999454
50,0,0.0,0,0,0,0.0,0,0,0,0.0,0,0,0,0.004892983333333328,0.0049514000000002055,0.00044565865506272984,0.00022330000000039298,0.0017625533333333304,0.0017167000000000599,0.00030579438259116233,0.00011820000000000168,0.0,0.0,0.0,0.0,0.0,0.0,0.0,0.0,0.006655536666666659,0.006668100000000265,0.0007514530376538922,0.00034150000000039466,0.0,0.0,0.0,0.0
50,10,0.0,0,0,0,0.0,0,0,0,0.0,0,0,0,0.004346291666666673,0.0044780000000002925,0.0004717958793740633,0.0002344999999991165,0.0017713433333333246,0.0017062000000009903,0.00037956491817192346,0.00013650000000069444,0.10089999999999999,0.10499999999999972,0.007559002281255037,0.0010000000000005144,0.0661,0.06799999999999998,0.0030853815312622034,0.0010000000000001535,0.006117634999999997,0.006184200000001283,0.0008513607975459867,0.00037099999999981093,0.16699999999999998,0.1729999999999997,0.010644383812517241,0.002000000000000668
50,20,0.0,0,0,0,0.0,0,0,0,0.0,0,0,0,0.0039058633333333617,0.003948600000001079,0.00024209619971828598,0.00015379999999822792,0.0017955233333333354,0.001721399999999562,0.00039017875535209855,0.00010519999999871756,0.16605,0.16899999999999976,0.0026681882469819273,0.0019999999999995854,0.11763333333333333,0.1200000000000001,0.0030900189994101665,0.0020000000000001406,0.005701386666666697,0.0056700000000006415,0.0006322749550703845,0.0002589999999969455,0.28368333333333334,0.28899999999999987,0.005758207246392094,0.003999999999999726
50,30,0.0,0,0,0,0.0,0,0,0,0.0,0,0,0,0.003669918333333347,0.0037268000000040048,0.0002629198663676203,0.00018049999999902823,0.0017922999999999926,0.0016925999999983787,0.00039224228968389645,4.57000000011476e-05,0.25043333333333334,0.2540000000000006,0.00474320086150944,0.0030000000000008353,0.1836,0.18699999999999975,0.004749050168037767,0.002999999999999753,0.00546221833333334,0.005419400000002383,0.0006551621560515167,0.00022620000000017583,0.4340333333333334,0.4410000000000004,0.009492251029547207,0.006000000000000588
50,40,0.0,0,0,0,0.0,0,0,0,0.0,0,0,0,0.0036588749999998523,0.0036634000000049126,0.00027882232860459283,0.0001786000000038256,0.0017899150000000455,0.0016781000000037239,0.0004617804711887538,4.2499999995015926e-05,0.40795,0.4150000000000006,0.008476046628727477,0.003999999999999171,0.2811833333333333,0.2849999999999994,0.007240746124664463,0.004999999999998284,0.005448789999999898,0.005341500000008636,0.0007406027997933467,0.00022109999999884154,0.6891333333333333,0.7,0.01571679275339194,0.008999999999997454
60,0,0.0,0,0,0,0.0,0,0,0,0.0,0,0,0,0.005150914754098347,0.004885349999999988,0.002892054879743101,0.0002667500000001154,0.0017745114754098364,0.001723549999999996,0.0003225820171449768,0.00010689999999993196,0.0,0.0,0.0,0.0,0.0,0.0,0.0,0.0,0.0069254262295081834,0.0066088999999999835,0.003214636896888078,0.0003736500000000474,0.0,0.0,0.0,0.0
60,10,0.0,0,0,0,0.0,0,0,0,0.0,0,0,0,0.00423625666666671,0.004338999999998805,0.00031220637692720905,0.0002671999999961372,0.0017513416666666613,0.001680199999999843,0.00037472224039394143,0.00013349999999974211,0.11913333333333333,0.12100000000000008,0.0022500081173955746,0.0019999999999995993,0.07681666666666667,0.07799999999999993,0.0017428152587983666,0.000999999999999987,0.0059875983333333715,0.0060191999999986475,0.0006869286173211504,0.0004006999999958793,0.19595,0.199,0.003992823376193941,0.0029999999999995863
60,20,0.0,0,0,0,0.0,0,0,0,0.0,0,0,0,0.003967538333333304,0.004054899999999861,0.00029854994142035444,0.00017610000000445325,0.001760430000000023,0.0016884000000004563,0.0003672400682635412,0.0001150999999993017,0.19998333333333337,0.20300000000000012,0.0030393868771724946,0.001999999999999974,0.14405,0.1460000000000008,0.0028790137281292675,0.001999999999999613,0.005727968333333327,0.005743300000000317,0.0006657900096838957,0.00029120000000375495,0.3440333333333334,0.3490000000000009,0.005918400605301763,0.003999999999999587
60,30,0.0,0,0,0,0.0,0,0,0,0.0,0,0,0,0.0036524183333333823,0.0037040999999931046,0.0002260819384103028,0.00017809999998235054,0.0019154516666666649,0.0017077000000000452,0.0010981383436417477,0.00010850000000175433,0.31984999999999997,0.325,0.004201110314956438,0.0030000000000001137,0.23141666666666666,0.23499999999999943,0.004851626707260591,0.0030000000000001137,0.005567870000000048,0.00541179999999315,0.0013242202820520504,0.00028659999998410486,0.5512666666666666,0.5599999999999994,0.009052737022217029,0.006000000000000227
60,40,0.0,0,0,0,0.0,0,0,0,0.0,0,0,0,0.003315913333333356,0.0033627000000024053,0.00022810624778886386,0.00015390000000934387,0.0017816333333333506,0.0016764000000023317,0.0004650904469888775,0.00012639999999919382,0.42498333333333327,0.43799999999999956,0.006760821801656896,0.004500000000001614,0.3168,0.32599999999999907,0.008220199987852776,0.005500000000000671,0.005097546666666707,0.005039100000004737,0.0006931966947777413,0.0002803000000085377,0.7417833333333332,0.7639999999999987,0.014981021789509672,0.010000000000002285
70,0,0.0,0,0,0,0.0,0,0,0,0.0,0,0,0,0.0048026850000000105,0.004880200000000912,0.00032616456152129137,0.00028069999999900085,0.0016631299999999999,0.0015786999999995999,0.00037980914103258534,0.00010080000000058922,0.0,0.0,0.0,0.0,0.0,0.0,0.0,0.0,0.00646581500000001,0.006458900000000512,0.0007059737025538768,0.00038149999999959007,0.0,0.0,0.0,0.0
70,10,0.0,0,0,0,0.0,0,0,0,0.0,0,0,0,0.004237637704918076,0.004319650000002184,0.00031364245314573214,0.00017235000000255258,0.0017565081967213195,0.0016866499999999007,0.0003247307151235744,0.00011634999999969857,0.13419672131147542,0.13600000000000073,0.002173544061046531,0.0010000000000005838,0.0851967213114754,0.08600000000000022,0.0017182141563279317,0.001000000000000341,0.005994145901639395,0.006006300000002085,0.0006383731682693065,0.00028870000000225115,0.21939344262295082,0.22200000000000095,0.0038917582173744626,0.0020000000000009246
70,20,0.0,0,0,0,0.0,0,0,0,0.0,0,0,0,0.0038220426229508653,0.0038500999999939722,0.0002854498402721232,0.0002186499999993429,0.001772306557377054,0.0016927499999994213,0.00039208361717342147,6.0849999999845706e-05,0.20954098360655735,0.21299999999999975,0.0027676500872852797,0.00199999999999996,0.14724590163934423,0.15,0.003163885189371703,0.0020000000000001406,0.0055943491803279195,0.0055428499999933935,0.0006775334574455447,0.0002794999999991886,0.3567868852459016,0.36299999999999977,0.005931535276656983,0.004000000000000101
70,30,0.0,0,0,0,0.0,0,0,0,0.0,0,0,0,0.0035286098360656384,0.003577950000004648,0.00030575529309227436,0.00020225000000664286,0.0017676295081966997,0.001668649999999161,0.0003676232622522833,4.629999999963277e-05,0.4032950819672131,0.41000000000000014,0.004504203937139426,0.003999999999999199,0.2702131147540984,0.27450000000000047,0.004104943966944165,0.0025000000000005573,0.005296239344262339,0.005246600000003809,0.0006733785553445576,0.00024855000000627563,0.6735081967213115,0.6845000000000006,0.00860914790408359,0.006499999999999756
70,40,0.0,0,0,0,0.0,0,0,0,0.0,0,0,0,0.003494741666666717,0.003516500000000633,0.0001978569934564815,0.00012409999999363208,0.0018043499999999808,0.001704300000000103,0.00043937157295051747,0.0001238000000000738,0.5420833333333334,0.55,0.008046910969700649,0.005000000000001115,0.37145000000000006,0.377000000000001,0.006104247306924726,0.003999999999999226,0.005299091666666698,0.005220800000000736,0.000637228566406999,0.0002478999999937059,0.9135333333333334,0.927000000000001,0.014151158276625376,0.009000000000000341
80,0,0.0,0,0,0,0.0,0,0,0,0.0,0,0,0,0.004889906666666685,0.004895499999999231,0.0007216228632114336,0.00027799999999871244,0.001750619999999993,0.0016975999999999658,0.0003191611409499788,0.00011340000000004125,0.0,0.0,0.0,0.0,0.0,0.0,0.0,0.0,0.0066405266666666775,0.006593099999999197,0.0010407840041614124,0.0003913999999987537,0.0,0.0,0.0,0.0
80,10,0.0,0,0,0,0.0,0,0,0,0.0,0,0,0,0.003952968333333331,0.004007300000000669,0.00028568233107767184,0.0002256999999985963,0.0017522599999999975,0.0016776999999990494,0.00034662942655110427,9.019999999964061e-05,0.13361666666666666,0.13599999999999995,0.002158261958491726,0.0010000000000001397,0.09158333333333336,0.09299999999999997,0.0023078399149543513,0.00199999999999996,0.0057052283333333285,0.005684999999999718,0.0006323117576287761,0.0003158999999982369,0.2252,0.22899999999999993,0.004466101873446078,0.0030000000000001
80,20,0.0,0,0,0,0.0,0,0,0,0.0,0,0,0,0.0037150573770492854,0.0037524999999959618,0.0003411754122262484,0.00016995000000292744,0.00176035901639342,0.001699500000000853,0.0003697181035585156,0.0001284499999997024,0.25032786885245906,0.2539999999999999,0.0031756488727049184,0.0020000000000002793,0.17724590163934428,0.17950000000000016,0.0033537229502627365,0.002499999999999142,0.005475416393442706,0.005451999999996815,0.0007108935157847641,0.00029840000000262983,0.42757377049180334,0.43350000000000005,0.006529371822967655,0.004499999999999421
80,30,0.0,0,0,0,0.0,0,0,0,0.0,0,0,0,0.003546711666666814,0.003603699999996479,0.000306755269516781,0.0002189999999927749,0.001767193333333334,0.0016693000000003622,0.00039437002593046075,0.0001354999999989559,0.41078333333333333,0.4179999999999978,0.004361244761963884,0.0030000000000030003,0.28953333333333325,0.29399999999999976,0.005011267258133096,0.003999999999999226,0.005313905000000148,0.005272999999996841,0.0007011252954472417,0.0003544999999917308,0.7003166666666666,0.7119999999999975,0.00937251202009698,0.007000000000002227
80,40,0.0,0,0,0,0.0,0,0,0,0.0,0,0,0,0.003236101666666778,0.0033316999999897234,0.0002492187934837065,0.0001566000000138958,0.001793019999999975,0.0016915999999980614,0.0004395673286838314,0.00013390000000299538,0.5382333333333332,0.5550000000000012,0.006401092616957919,0.005000000000001115,0.40303333333333335,0.41600000000000104,0.004804464550064703,0.0030000000000015015,0.005029121666666753,0.005023299999987785,0.0006887861221675378,0.0002905000000168912,0.9412666666666666,0.9710000000000022,0.011205557167022623,0.008000000000002616
90,0,0.0,0,0,0,0.0,0,0,0,0.0,0,0,0,0.004759608333333319,0.004820499999999584,0.00035601700064965766,0.00027179999999873364,0.0017515583333333258,0.001699299999999937,0.0003411667063040997,0.00010790000000042693,0.0,0.0,0.0,0.0,0.0,0.0,0.0,0.0,0.006511166666666644,0.00651979999999952,0.0006971837069537573,0.00037969999999916057,0.0,0.0,0.0,0.0
90,10,0.0,0,0,0,0.0,0,0,0,0.0,0,0,0,0.004128865000000039,0.0041800999999964,0.0002644868351605192,0.00020299999999906504,0.0017495666666666665,0.0016805000000005067,0.00033558982187294884,0.00013019999999954726,0.16663333333333338,0.16900000000000048,0.0019854820825032176,0.0010000000000005005,0.10508333333333335,0.10700000000000003,0.0018047602488462054,0.0010000000000001535,0.005878431666666705,0.0058605999999969075,0.0006000766570334681,0.0003331999999986123,0.2717166666666667,0.2760000000000005,0.003790242331349423,0.002000000000000654
90,20,0.0,0,0,0,0.0,0,0,0,0.0,0,0,0,0.003827568333333413,0.0039262000000007905,0.00028344943002177634,0.00017370000000482833,0.0018943149999999772,0.0016113999999987528,0.001902433607982741,8.389999999849364e-05,0.25821666666666665,0.26200000000000045,0.0023933719112970908,0.001999999999999613,0.1904666666666667,0.19399999999999978,0.002692609536004673,0.001999999999999613,0.00572188333333339,0.005537599999999543,0.0021858830380045175,0.00025760000000332197,0.4486833333333333,0.45600000000000024,0.005085981447301763,0.003999999999999226
90,30,0.0,0,0,0,0.0,0,0,0,0.0,0,0,0,0.003385276666666641,0.003444200000001274,0.000307177210070613,0.00022069999999985157,0.0017731666666666967,0.0016961000000009108,0.0004114089603821618,0.0001231999999987464,0.4133666666666666,0.4190000000000026,0.004612196369166204,0.0030000000000029448,0.3101166666666667,0.31500000000000056,0.004016767893875301,0.002000000000001001,0.005158443333333338,0.0051403000000021844,0.0007185861704527747,0.000343899999998598,0.7234833333333333,0.7340000000000031,0.008628964263041505,0.005000000000003946
90,40,0.0,0,0,0,0.0,0,0,0,0.0,0,0,0,0.0030316590163935323,0.0030908500000123244,0.000233100478422304,0.0001591999999845939,0.0018062901639344083,0.0016948000000013507,0.00047271822883544236,0.00013914999999826711,0.534016393442623,0.5519999999999982,0.006424856756119256,0.005000000000001115,0.4279672131147541,0.44300000000000067,0.0058467672535643875,0.0049999999999954525,0.00483794918032794,0.0047856500000136755,0.0007058187072577464,0.000298349999982861,0.961983606557377,0.9949999999999988,0.012271624009683645,0.009999999999996567
100,0,0.0,0,0,0,0.0,0,0,0,0.0,0,0,0,0.004789170491803265,0.004827749999999753,0.0003169984097163715,0.00023034999999964638,0.0017600327868852546,0.0017161000000005088,0.00031310968006661543,0.00011224999999974732,0.0,0.0,0.0,0.0,0.0,0.0,0.0,0.0,0.00654920327868852,0.006543850000000262,0.0006301080897829869,0.0003425999999993937,0.0,0.0,0.0,0.0
100,10,0.0,0,0,0,0.0,0,0,0,0.0,0,0,0,0.003793296666666587,0.0038430999999945923,0.00029377896024240807,0.00016569999999660467,0.00175998500000001,0.001691700000000651,0.00034528463561374416,0.0001346999999995548,0.14413333333333336,0.14699999999999988,0.0021987723050210933,0.0010000000000005005,0.10253333333333334,0.10400000000000027,0.001679804057483173,0.0010000000000001535,0.005553281666666597,0.005534799999995243,0.0006390635958561522,0.00030039999999615947,0.2466666666666667,0.25100000000000017,0.003878576362504266,0.002000000000000654
100,20,0.0,0,0,0,0.0,0,0,0,0.0,0,0,0,0.0035114316666666427,0.003592399999990903,0.00033290121572793175,0.00020259999998870635,0.001734481666666644,0.001653199999998378,0.0003630888448222656,0.00011489999999980682,0.28143333333333326,0.28799999999999953,0.008817654041392587,0.0020000000000010565,0.20418333333333336,0.20700000000000002,0.0036707732524886494,0.0019999999999988916,0.005245913333333287,0.005245599999989281,0.0006959900605501973,0.00031749999998851317,0.4856166666666666,0.49499999999999955,0.012488427293881235,0.003999999999999948
100,30,0.0,0,0,0,0.0,0,0,0,0.0,0,0,0,0.0029331934426230213,0.0029537499999946707,0.00021627464554387982,0.00015440000000808106,0.0017811147540983516,0.0016768500000011954,0.00047916094850923276,0.00013274999999879356,0.4220983606557378,0.4289999999999996,0.004921301559500678,0.0029999999999969773,0.3248852459016393,0.3300000000000011,0.004589228360972228,0.003500000000000364,0.004714308196721373,0.0046305999999958665,0.0006954355940531126,0.0002871500000068746,0.7469836065573772,0.7590000000000008,0.009510529920472906,0.006499999999997341
100,40,0.0,0,0,0,0.0,0,0,0,0.0,0,0,0,0.003112081666666503,0.0031891999999970723,0.00023286368444885733,0.00016599999999016317,0.0018186216666666157,0.0017129000000011274,0.000466429817067148,0.00012899999999831384,0.6124333333333334,0.6330000000000027,0.0065752657575351555,0.005000000000004001,0.4735333333333333,0.48799999999999955,0.008338135337558339,0.006000000000000227,0.004930703333333119,0.0049020999999982,0.0006992935015160053,0.000294999999988477,1.0859666666666667,1.1210000000000022,0.014913401095093495,0.011000000000004229
