frequency,num_pairs,influxdb/transmitted_mean,influxdb/transmitted_median,influxdb/transmitted_std,influxdb/transmitted_mad,neo4j/transmitted_mean,neo4j/transmitted_median,neo4j/transmitted_std,neo4j/transmitted_mad,influxdb/received_mean,influxdb/received_median,influxdb/received_std,influxdb/received_mad,neo4j/received_mean,neo4j/received_median,neo4j/received_std,neo4j/received_mad,received/mean,received/median,received/std,received/mad,transmitted/mean,transmitted/median,transmitted/std,transmitted/mad
0,0,5036.008333333333,5046.55,459.40112611435904,427.34999999999945,308.0,308.0,20.446142564374146,0.0,1972.1466666666663,1964.0,145.989057480192,116.79999999999995,498.07666666666665,489.0,44.59665324019267,3.5,0,0,0,0,0,0,0,0
0,10,5299.557627118645,5299.4,405.7105942380985,524.4000000000005,308.0,308.0,24.930358172731697,0.0,9201.483050847457,8787.0,817.7284605692865,512.7000000000007,4563.483050847458,4149.0,629.9135827847648,48.899999999999636,0,0,0,0,0,0,0,0
0,20,5329.918644067797,5322.3,342.45267857062925,74.89999999999964,308.0,308.0,24.930358172731697,0.0,16436.800000000003,15701.1,1501.6999684265877,867.0,8595.686440677966,7870.0,1054.4379507026197,109.89999999999964,0,0,0,0,0,0,0,0
0,30,5484.283050847457,5483.5,379.1811704879355,3.899999999999636,308.5220338983051,308.0,21.772523556051823,0.0,23724.262711864405,23550.9,1714.723474831247,1057.9000000000015,12719.701694915255,12018.0,1507.2164506583015,597.8999999999996,0,0,0,0,0,0,0,0
0,40,5505.11186440678,5498.5,388.15777457144554,461.0,308.0,308.0,24.265428792476737,0.0,30961.83559322034,30661.2,2266.6414298025807,1584.2000000000007,16734.533898305086,16458.9,1439.7176734262591,1195.800000000001,0,0,0,0,0,0,0,0
10,0,5151.294915254238,5150.7,396.32719086012617,74.5,308.0,308.0,22.151204528624753,0.0,1965.5525423728814,1964.0,150.67673590645936,55.799999999999955,490.5525423728813,489.0,35.373759785410584,0.0,0,0,0,0,0,0,0,0
10,10,5688.98,5701.9,389.33992589805786,122.04999999999927,6247.570000000001,6258.0,486.362316051086,595.0,10640.238333333336,10269.9,987.2237616793336,630.2999999999993,14017.055,13627.0,1178.2989000127202,996.7000000000007,0,0,0,0,0,0,0,0
10,20,5715.981355932203,5717.3,359.43997075650907,36.80000000000018,12187.308474576272,12208.0,991.8873540895682,1190.0,18643.128813559324,18077.6,1289.4139207341648,505.0,27556.02033898305,26763.0,2291.5495960067074,1944.2999999999993,0,0,0,0,0,0,0,0
10,30,5865.020338983052,5873.5,478.39495722304065,463.89999999999964,18188.77627118644,18158.0,1580.0381532210324,1785.0,26751.088135593225,25904.1,2340.8500055855598,1376.5,41185.61016949153,40444.0,3347.060503285445,2610.9000000000015,0,0,0,0,0,0,0,0
10,40,5880.403333333334,5891.5,497.0777697113832,483.5499999999997,24102.05,24108.0,1900.2781029744212,2410.7999999999993,34698.61,34518.2,2862.603129232469,2210.2999999999993,54626.83833333333,54648.5,4221.8780619366025,4479.699999999997,0,0,0,0,0,0,0,0
20,0,5160.142372881355,5159.2,428.11910331338703,437.5,308.0,308.0,26.209658656620313,30.80000000000001,1962.1271186440679,1964.0,133.0375767898167,55.799999999999955,489.628813559322,489.0,42.26796313035178,41.89999999999998,0,0,0,0,0,0,0,0
20,10,5694.972881355931,5706.2,423.846271672313,49.399999999999636,6236.786440677966,6258.0,560.5062340720795,595.0,10625.1593220339,10242.0,885.7688279639538,658.2000000000007,13983.661016949152,13623.0,1296.8283312356725,996.2999999999993,0,0,0,0,0,0,0,0
20,20,5711.03,5716.8,429.89304751889705,449.4500000000003,12228.346666666668,12208.0,1057.0899760409834,1190.0,18663.07,18144.65,1588.8646174687342,928.3499999999985,27609.14666666667,26801.5,2425.6332367324712,1934.7999999999993,0,0,0,0,0,0,0,0
20,30,5872.3983333333335,5862.8,453.1823008390612,292.3499999999999,18158.513333333332,18158.0,1284.6535257317983,30.799999999999272,26777.206666666665,25957.25,2289.1563825312624,1827.3499999999985,41116.72333333334,41511.5,2617.1789020905735,1616.5,0,0,0,0,0,0,0,0
20,40,5887.006779661017,5888.4,494.8752733367674,497.60000000000036,23513.000000000004,23513.0,1647.893288309401,1563.7999999999993,34421.388135593224,34144.5,2553.0953751303496,1887.5,53488.754237288136,53005.0,3574.021540048652,2928.0,0,0,0,0,0,0,0,0
30,0,5167.657627118645,5158.8,405.2276853408293,82.30000000000018,308.0,308.0,22.8776656634128,30.80000000000001,1965.8694915254239,1964.0,151.30523870666812,140.5999999999999,489.9237288135593,489.0,37.00853274855747,48.89999999999998,0,0,0,0,0,0,0,0
30,10,5717.530508474575,5711.8,510.96619844147915,460.90000000000055,6258.0,6258.0,435.5376653413968,357.0,10667.757627118644,10443.3,948.6832003113016,803.6999999999989,14017.805084745763,13672.9,981.9487883310074,947.5,0,0,0,0,0,0,0,0
30,20,5724.086440677966,5724.2,439.52214351561526,454.0,12187.308474576272,12208.0,808.7929939087678,30.799999999999272,18662.54237288135,18202.7,1532.1380902700453,1164.2000000000007,27515.80847457627,26811.9,1975.1087776493812,1993.2000000000007,0,0,0,0,0,0,0,0
30,30,5870.964406779661,5867.0,478.2979268350723,457.3000000000002,18188.77627118644,18158.0,1461.3606431771848,1785.0,26770.60169491525,25956.0,2379.1488792170694,1826.0999999999985,41187.61355932204,40702.1,3445.261739691977,3489.5999999999985,0,0,0,0,0,0,0,0
30,40,5888.416666666667,5888.9,365.27188813250746,34.79999999999973,24108.0,24108.0,1644.8341423779484,0.0,34773.95166666667,34634.5,2185.9664800019445,1220.6500000000015,54633.175,54677.0,3734.551867864629,1747.0499999999993,0,0,0,0,0,0,0,0
40,0,5164.303333333333,5164.2,414.64778803738216,7.549999999999727,308.0,308.0,24.718181053149348,0.0,1965.025,1964.0,157.9250139856663,27.25,490.025,489.0,40.022619134345526,24.44999999999999,0,0,0,0,0,0,0,0
40,10,5711.152542372883,5711.2,458.52384864683717,90.0,6268.606779661017,6258.0,471.99286371884864,30.800000000000182,10656.069491525423,10387.5,941.5118094474692,732.0,14058.964406779662,13628.0,1149.0610697378713,947.8999999999996,0,0,0,0,0,0,0,0
40,20,5714.65593220339,5724.1,443.0185312817398,79.59999999999945,12207.477966101695,12208.0,889.6984993122951,528.8999999999996,18622.34406779661,17914.0,1584.270096515806,1114.2999999999993,27553.537288135598,26810.9,2017.431464365818,1846.3999999999978,0,0,0,0,0,0,0,0
40,30,5871.6966101694925,5871.0,466.4292351124887,460.0,18158.0,18158.0,1457.2448922065462,1785.0,26789.67966101695,26020.9,2380.020780464167,1830.0,41118.33220338983,41150.1,3317.8164158249433,2245.4000000000015,0,0,0,0,0,0,0,0
40,40,5880.761016949153,5878.7,421.70537967545994,121.59999999999945,23512.477966101695,23513.0,1375.4007689382,30.799999999999272,34425.32203389831,34141.0,2538.5453285003528,1647.0,53508.849152542374,53145.4,3011.0089972479136,1291.300000000003,0,0,0,0,0,0,0,0
50,0,5168.537288135593,5162.0,429.0698544117645,438.1999999999998,309.04406779661014,308.0,21.374172871162973,0.0,1964.9457627118645,1964.0,145.9712528642894,140.5999999999999,490.65762711864403,489.0,33.9349692662295,0.0,0,0,0,0,0,0,0,0
50,10,5712.03,5706.25,428.96434970989594,286.25,6268.430000000001,6258.0,433.62978167939775,30.800000000000182,10654.571666666665,10300.4,916.6883837555865,707.4500000000007,14050.184999999998,13949.4,1033.5507155604867,754.4000000000005,0,0,0,0,0,0,0,0
50,20,5722.574576271186,5720.8,394.86719879893474,117.59999999999945,12208.0,12208.0,890.7855920671833,135.79999999999927,18684.849152542374,18396.8,1541.2171800205992,1372.5,27549.68644067796,26811.9,2059.544084002794,1537.0999999999985,0,0,0,0,0,0,0,0
50,30,5876.1779661016935,5873.9,384.0979643662209,124.0,18157.477966101695,18158.0,1376.3224473170865,692.7000000000007,26793.39152542373,25956.0,2002.7979337785514,1029.2999999999993,41077.88305084745,40935.0,3095.4317612133636,2142.199999999997,0,0,0,0,0,0,0,0
50,40,5883.52033898305,5883.8,476.92848187183444,125.60000000000036,24158.4593220339,24108.0,2445.3686084965225,2380.0,34726.92372881356,34421.0,2872.3244526856993,1711.4000000000015,54774.593220338975,54671.9,5187.9511843629125,4433.5,0,0,0,0,0,0,0,0
60,0,5169.0406779661,5169.0,468.9856633786419,442.6999999999998,308.0,308.0,23.58175799945432,0.0,1965.042372881356,1964.0,175.6949013090491,140.5999999999999,489.9237288135593,489.0,36.88073667350425,0.0,0,0,0,0,0,0,0,0
60,10,5714.520338983052,5704.8,472.8574027889348,455.09999999999945,6258.0,6258.0,492.4473642448746,66.10000000000036,10648.630508474576,10242.0,973.0003386706428,634.7000000000007,14039.601694915254,13625.0,1179.6815766292434,947.6000000000004,0,0,0,0,0,0,0,0
60,20,5723.056666666667,5722.85,529.4043427196225,456.6999999999998,12200.778333333334,12208.0,921.5948740609832,1190.0,18683.576666666668,17908.8,1780.2533506966547,1093.8500000000004,27565.331666666665,26853.5,2259.8911917328564,1986.7999999999993,0,0,0,0,0,0,0,0
60,30,5868.413333333333,5876.6,491.7262658198921,114.65000000000009,18158.0,18158.0,1529.9779686017632,1018.5,26740.353333333333,26238.35,2300.5120451735743,1635.8500000000022,41114.34333333334,40025.05,3544.015908607532,2980.2500000000036,0,0,0,0,0,0,0,0
60,40,5897.538333333333,5888.4,463.24115149439507,546.5,24147.66666666667,24108.0,1849.4044083568408,580.2999999999993,34821.276666666665,34114.3,2979.832130032687,2210.300000000001,54741.443333333336,54826.4,4095.169902535519,2456.5999999999985,0,0,0,0,0,0,0,0
70,0,5177.900000000001,5169.2,340.93634808901766,77.09999999999945,309.0440677966102,308.0,27.409136855576804,30.80000000000001,1968.2525423728812,1964.0,119.67043300886124,55.799999999999955,491.58135593220345,489.0,43.00013422022464,48.89999999999998,0,0,0,0,0,0,0,0
70,10,5710.562711864407,5709.3,450.589648127224,452.89999999999964,6258.0,6258.0,461.42135131382463,595.0,10655.677966101695,10297.8,866.8732294202235,568.5,14031.35593220339,13672.9,1064.9722996674745,1045.2999999999993,0,0,0,0,0,0,0,0
70,20,5728.208474576272,5718.3,473.2476027912164,493.3000000000002,12228.69152542373,12208.0,995.7747486752997,311.5,18698.894915254237,18133.4,1580.8113267672927,1122.5999999999985,27621.993220338984,27798.0,2216.448514836011,1341.7999999999993,0,0,0,0,0,0,0,0
70,30,5869.07627118644,5878.7,493.6071041023812,503.8000000000002,18158.0,18158.0,1406.3419493923548,1442.0,26683.908474576274,26209.1,2441.8487028654263,1933.800000000003,41089.957627118645,40474.7,3209.99195171423,2416.300000000003,0,0,0,0,0,0,0,0
70,40,5866.4915254237285,5886.4,437.9937333389425,460.60000000000036,24108.0,24108.0,2047.2433244866547,2380.0,34702.250847457624,34371.4,2599.7932333813537,1911.0,54686.06779661015,54501.0,4353.473932843179,2924.699999999997,0,0,0,0,0,0,0,0
80,0,5259.163333333333,5265.45,470.503882786863,442.9000000000001,308.0,308.0,23.38105853688162,0.0,1961.7516666666668,1964.0,150.89010648304043,140.5999999999999,489.90833333333336,489.0,37.78213321658107,0.0,0,0,0,0,0,0,0,0
80,10,5725.9,5718.1,538.6262609319352,531.3999999999996,6257.999999999999,6258.0,545.6183015941482,595.0,10657.428813559323,10297.8,1139.5498746935502,714.0,14038.601694915256,13624.0,1274.804478516354,996.3999999999996,0,0,0,0,0,0,0,0
80,20,5700.230508474576,5721.2,452.7879454401849,451.5,12227.683050847456,12208.0,977.2356536737805,1190.0,18607.201694915253,18219.0,1744.3246014838821,1138.9000000000015,27619.384745762713,27504.1,2280.0686178281285,1695.9000000000015,0,0,0,0,0,0,0,0
80,30,5877.306779661017,5877.6,434.5940943567865,83.30000000000018,18188.77627118644,18158.0,1628.35962247806,1620.5,26726.372881355932,26566.0,1955.2530523968178,1220.0,41164.00847457627,41485.9,3466.125730119423,1922.699999999997,0,0,0,0,0,0,0,0
80,40,5895.7333333333345,5887.549999999999,475.92262534022746,275.6500000000001,24108.0,24108.0,2066.508922993936,2380.0,34804.9,34276.8,2360.0854165093983,1514.2000000000044,54662.07666666667,54619.45,4395.587428873421,3283.4500000000007,0,0,0,0,0,0,0,0
90,0,5265.096610169493,5263.5,463.981509354407,520.3999999999996,308.5220338983051,308.0,23.22641234187264,30.80000000000001,1964.9237288135594,1964.0,168.84842757988915,196.4000000000001,490.7525423728814,489.0,38.736302833621075,48.89999999999998,0,0,0,0,0,0,0,0
90,10,5713.1083333333345,5702.75,350.3962494438172,113.15000000000009,6248.083333333333,6258.0,456.27641086006713,595.0,10660.661666666663,10242.0,895.3689210469819,605.8999999999996,14015.783333333333,13648.45,1099.5469802384127,971.9500000000007,0,0,0,0,0,0,0,0
90,20,5719.808333333333,5725.0,414.01581493238194,447.1500000000001,12227.833333333334,12208.0,818.3504213296375,30.799999999999272,18634.901666666665,18718.1,1635.0540103546537,1320.8500000000022,27640.408333333333,26783.45,2062.5901128576647,1888.9500000000007,0,0,0,0,0,0,0,0
90,30,5891.91,5881.6,443.6198348410571,40.55000000000064,18153.753333333334,18158.0,1514.4965876674983,1064.0,26774.156666666666,26325.85,2114.7656045430176,1039.449999999997,41117.12333333334,40330.0,3505.016113184591,2727.1500000000015,0,0,0,0,0,0,0,0
90,40,5890.162711864407,5882.6,471.92831311922095,460.0,24067.138983050845,24108.0,1620.2570327188241,952.0,34772.60847457627,34116.0,2651.6601696431185,1550.2000000000007,54573.46101694916,54253.0,3567.153141875474,2196.0,0,0,0,0,0,0,0,0
100,0,5264.974576271186,5263.9,471.2665420468914,452.2999999999993,308.5220338983051,308.0,22.511208455717398,0.0,1965.042372881356,1964.0,169.806836712402,140.5999999999999,490.7525423728814,489.0,36.28388716169793,0.0,0,0,0,0,0,0,0,0
100,10,5715.340677966103,5713.9,469.9430773008373,451.60000000000036,6268.0847457627115,6258.0,498.44886875515766,595.0,10676.710169491524,10306.5,1034.344142972587,708.6000000000004,14056.481355932205,13676.9,1102.8849162263073,947.8999999999996,0,0,0,0,0,0,0,0
100,20,5796.423333333334,5793.8,444.08329664780456,290.0,12228.346666666668,12208.0,756.9156289248715,0.0,18739.483333333334,18422.0,1425.039983282856,883.6000000000004,27643.196666666667,26787.45,2009.3730728987073,1747.2999999999993,0,0,0,0,0,0,0,0
100,30,5883.213559322034,5884.4,475.11197752980854,126.69999999999982,18158.0,18158.0,1395.5091422871067,1444.7999999999993,26800.503389830505,26540.1,2194.0054450130547,1519.9000000000015,41136.601694915254,40517.1,2975.3812766683873,2452.4000000000015,0,0,0,0,0,0,0,0
100,40,5870.764406779662,5879.2,474.147939143511,464.39999999999964,24148.86101694916,24108.0,1751.8499086450404,2380.0,34723.279661016946,34339.0,3177.905203756391,2570.5999999999985,54754.33220338983,54617.0,4022.4822277930043,3805.800000000003,0,0,0,0,0,0,0,0
