frequency,num_pairs,continuous/proportionalResident_mean,continuous/proportionalResident_median,continuous/proportionalResident_std,continuous/proportionalResident_mad,continuous/proportionalSwapped_mean,continuous/proportionalSwapped_median,continuous/proportionalSwapped_std,continuous/proportionalSwapped_mad,continuous/resident_mean,continuous/resident_median,continuous/resident_std,continuous/resident_mad,continuous/swapped_mean,continuous/swapped_median,continuous/swapped_std,continuous/swapped_mad,continuous/virtual_mean,continuous/virtual_median,continuous/virtual_std,continuous/virtual_mad,datamgmt/proportionalResident_mean,datamgmt/proportionalResident_median,datamgmt/proportionalResident_std,datamgmt/proportionalResident_mad,datamgmt/proportionalSwapped_mean,datamgmt/proportionalSwapped_median,datamgmt/proportionalSwapped_std,datamgmt/proportionalSwapped_mad,datamgmt/resident_mean,datamgmt/resident_median,datamgmt/resident_std,datamgmt/resident_mad,datamgmt/swapped_mean,datamgmt/swapped_median,datamgmt/swapped_std,datamgmt/swapped_mad,datamgmt/virtual_mean,datamgmt/virtual_median,datamgmt/virtual_std,datamgmt/virtual_mad,ros2listener/proportionalResident_mean,ros2listener/proportionalResident_median,ros2listener/proportionalResident_std,ros2listener/proportionalResident_mad,ros2listener/proportionalSwapped_mean,ros2listener/proportionalSwapped_median,ros2listener/proportionalSwapped_std,ros2listener/proportionalSwapped_mad,ros2listener/resident_mean,ros2listener/resident_median,ros2listener/resident_std,ros2listener/resident_mad,ros2listener/swapped_mean,ros2listener/swapped_median,ros2listener/swapped_std,ros2listener/swapped_mad,ros2listener/virtual_mean,ros2listener/virtual_median,ros2listener/virtual_std,ros2listener/virtual_mad,ros2talker/proportionalResident_mean,ros2talker/proportionalResident_median,ros2talker/proportionalResident_std,ros2talker/proportionalResident_mad,ros2talker/proportionalSwapped_mean,ros2talker/proportionalSwapped_median,ros2talker/proportionalSwapped_std,ros2talker/proportionalSwapped_mad,ros2talker/resident_mean,ros2talker/resident_median,ros2talker/resident_std,ros2talker/resident_mad,ros2talker/swapped_mean,ros2talker/swapped_median,ros2talker/swapped_std,ros2talker/swapped_mad,ros2talker/virtual_mean,ros2talker/virtual_median,ros2talker/virtual_std,ros2talker/virtual_mad,structural/proportionalResident_mean,structural/proportionalResident_median,structural/proportionalResident_std,structural/proportionalResident_mad,structural/proportionalSwapped_mean,structural/proportionalSwapped_median,structural/proportionalSwapped_std,structural/proportionalSwapped_mad,structural/resident_mean,structural/resident_median,structural/resident_std,structural/resident_mad,structural/swapped_mean,structural/swapped_median,structural/swapped_std,structural/swapped_mad,structural/virtual_mean,structural/virtual_median,structural/virtual_std,structural/virtual_mad,influxdb/memusage_mean,influxdb/memusage_median,influxdb/memusage_std,influxdb/memusage_mad,neo4j/memusage_mean,neo4j/memusage_median,neo4j/memusage_std,neo4j/memusage_mad,influxdb/memrss_mean,influxdb/memrss_median,influxdb/memrss_std,influxdb/memrss_mad,neo4j/memrss_mean,neo4j/memrss_median,neo4j/memrss_std,neo4j/memrss_mad,stream/proportionalResident_mean,stream/proportionalResident_median,stream/proportionalResident_std,stream/proportionalResident_mad,stream/proportionalSwapped_mean,stream/proportionalSwapped_median,stream/proportionalSwapped_std,stream/proportionalSwapped_mad,stream/resident_mean,stream/resident_median,stream/resident_std,stream/resident_mad,stream/swapped_mean,stream/swapped_median,stream/swapped_std,stream/swapped_mad,stream/virtual_mean,stream/virtual_median,stream/virtual_std,stream/virtual_mad,ros2/proportionalResident_mean,ros2/proportionalResident_median,ros2/proportionalResident_std,ros2/proportionalResident_mad,ros2/proportionalSwapped_mean,ros2/proportionalSwapped_median,ros2/proportionalSwapped_std,ros2/proportionalSwapped_mad,ros2/resident_mean,ros2/resident_median,ros2/resident_std,ros2/resident_mad,ros2/swapped_mean,ros2/swapped_median,ros2/swapped_std,ros2/swapped_mad,ros2/virtual_mean,ros2/virtual_median,ros2/virtual_std,ros2/virtual_mad,db/memrss_mean,db/memrss_median,db/memrss_std,db/memrss_mad,db/memusage_mean,db/memusage_median,db/memusage_std,db/memusage_mad
0,0,8147195.803278688,8160256.0,106353.89998409708,108544.0,0.0,0.0,0.0,0.0,16987119.213114753,16953344.0,227874.8970733075,0.0,0.0,0.0,0.0,0.0,441794560.0,441794560.0,0.0,0.0,5912743.868852459,5912576.0,1725.4762383702437,2048.0,0.0,0.0,0.0,0.0,13107200.0,13107200.0,0.0,0.0,0.0,0.0,0.0,0.0,219250688.0,219250688.0,0.0,0.0,0.0,0.0,0.0,0.0,0.0,0.0,0.0,0.0,0.0,0.0,0.0,0.0,0.0,0.0,0.0,0.0,0.0,0.0,0.0,0.0,0.0,0.0,0.0,0.0,0.0,0.0,0.0,0.0,0.0,0.0,0.0,0.0,0.0,0.0,0.0,0.0,0.0,0.0,0.0,0.0,9491086.68852459,9580544.0,208261.31307082626,2048.0,0.0,0.0,0.0,0.0,18214441.967213117,18317312.0,212210.88142332752,0.0,0.0,0.0,0.0,0.0,442183680.0,442183680.0,0.0,0.0,197560487.86885247,197316608.0,3814623.9226651927,2801664.0,907381776.7868853,902782976.0,9434586.832421873,2940928.0,79524108.59016393,79302656.0,3791126.7632930335,2789376.0,485145818.2295082,481353728.0,7686724.611069504,2912256.0,23551026.36065574,23653376.0,316340.6892932936,112640.0,0.0,0.0,0.0,0.0,48308761.18032787,48377856.0,440085.77849663503,0.0,0.0,0.0,0.0,0.0,1103228928.0,1103228928.0,0.0,0.0,0.0,0.0,0.0,0.0,0.0,0.0,0.0,0.0,0.0,0.0,0.0,0.0,0.0,0.0,0.0,0.0,0.0,0.0,0.0,0.0,564669926.8196721,560656384.0,11477851.374362538,5701632.0,1104942264.6557376,1100099584.0,13249210.755087066,5742592.0
0,10,8490871.466666667,8505344.0,95657.66248937444,81920.0,0.0,0.0,0.0,0.0,19733026.133333333,19804160.0,187374.73495224107,65536.0,0.0,0.0,0.0,0.0,441794560.0,441794560.0,0.0,0.0,5029888.0,5029888.0,0.0,0.0,0.0,0.0,0.0,0.0,13369344.0,13369344.0,0.0,0.0,0.0,0.0,0.0,0.0,353468416.0,353468416.0,0.0,0.0,178030336.0,178030592.0,5011.681324158117,4096.0,0.0,0.0,0.0,0.0,1086066688.0,1086066688.0,0.0,0.0,0.0,0.0,0.0,0.0,10062630912.0,10062630912.0,0.0,0.0,174558532.26666668,174558208.0,1378.897592916679,1024.0,0.0,0.0,0.0,0.0,1079259136.0,1079259136.0,0.0,0.0,0.0,0.0,0.0,0.0,9774100480.0,9774100480.0,0.0,0.0,8883438.933333334,8965120.0,187577.02595312468,10240.0,0.0,0.0,0.0,0.0,18350353.066666666,18477056.0,249003.66928001423,0.0,0.0,0.0,0.0,0.0,442183680.0,442183680.0,0.0,0.0,204162594.13333333,204007424.0,720007.9699413754,755712.0,1008826914.1333333,1008771072.0,125345.19251771866,65536.0,85558476.8,85393408.0,524870.3477678971,559104.0,580763101.8666667,580734976.0,86520.21344298226,65536.0,22404198.4,22500352.0,283234.68844249914,92160.0,0.0,0.0,0.0,0.0,51452723.2,51650560.0,436378.4042322553,65536.0,0.0,0.0,0.0,0.0,1237446656.0,1237446656.0,0.0,0.0,352588868.26666665,352588800.0,6390.578917074796,5120.0,0.0,0.0,0.0,0.0,2165325824.0,2165325824.0,0.0,0.0,0.0,0.0,0.0,0.0,19836731392.0,19836731392.0,0.0,0.0,666321578.6666666,666128384.0,611390.5612108794,624640.0,1212989508.2666667,1212778496.0,845353.1624590941,821248.0
0,20,8508893.866666667,8552448.0,109580.64585136493,77824.0,0.0,0.0,0.0,0.0,20223863.466666665,20312064.0,121144.80594886726,0.0,0.0,0.0,0.0,0.0,441794560.0,441794560.0,0.0,0.0,4988859.733333333,4988928.0,528.7913262021859,0.0,0.0,0.0,0.0,0.0,13500416.0,13500416.0,0.0,0.0,0.0,0.0,0.0,0.0,353468416.0,353468416.0,0.0,0.0,343086301.8666667,343085056.0,2150.3724507247944,1024.0,0.0,0.0,0.0,0.0,2185904128.0,2185904128.0,0.0,0.0,0.0,0.0,0.0,0.0,18953129984.0,18953129984.0,0.0,0.0,339618662.4,339618816.0,701.005650500692,0.0,0.0,0.0,0.0,0.0,2174332928.0,2174332928.0,0.0,0.0,0.0,0.0,0.0,0.0,18444967936.0,18444967936.0,0.0,0.0,8858009.6,9019392.0,249942.1388610043,12288.0,0.0,0.0,0.0,0.0,18308027.733333334,18423808.0,187070.81704321448,0.0,0.0,0.0,0.0,0.0,442183680.0,442183680.0,0.0,0.0,207009245.86666667,206737408.0,2437336.25018272,1216512.0,1097656115.2,1097617408.0,100005.84282537476,24576.0,85909504.0,85544960.0,2108660.4903643434,894976.0,667583419.7333333,667570176.0,58867.7716017127,28672.0,22355763.200000003,22560768.0,360051.5760385714,90112.0,0.0,0.0,0.0,0.0,52032307.2,52236288.0,308215.62299208174,0.0,0.0,0.0,0.0,0.0,1237446656.0,1237446656.0,0.0,0.0,682704964.2666667,682703872.0,2851.3781012254863,1024.0,0.0,0.0,0.0,0.0,4360237056.0,4360237056.0,0.0,0.0,0.0,0.0,0.0,0.0,37398097920.0,37398097920.0,0.0,0.0,753492923.7333333,753115136.0,2167528.261966056,923648.0,1304665361.0666666,1304354816.0,2537342.0930080945,1241088.0
0,30,8556066.133333333,8567808.0,114305.44882892471,81920.0,0.0,0.0,0.0,0.0,19717870.933333334,19726336.0,164563.64844857855,0.0,0.0,0.0,0.0,0.0,441794560.0,441794560.0,0.0,0.0,4999987.2,5002240.0,4159.721294444813,0.0,0.0,0.0,0.0,0.0,13369344.0,13369344.0,0.0,0.0,0.0,0.0,0.0,0.0,353468416.0,353468416.0,0.0,0.0,570890752.0,570890240.0,1842.4284637585788,1024.0,0.0,0.0,0.0,0.0,3416666112.0,3416666112.0,0.0,0.0,0.0,0.0,0.0,0.0,30456586240.0,30456586240.0,0.0,0.0,563616955.7333333,563616768.0,1638.0926265346977,1024.0,0.0,0.0,0.0,0.0,3396513792.0,3396513792.0,0.0,0.0,0.0,0.0,0.0,0.0,27178311680.0,27178311680.0,0.0,0.0,8979182.933333334,9140224.0,256963.5836526038,0.0,0.0,0.0,0.0,0.0,18709094.4,18907136.0,325684.7839534729,0.0,0.0,0.0,0.0,0.0,442183680.0,442183680.0,0.0,0.0,215856332.8,216029184.0,2939788.504914244,1527808.0,1199007948.8,1198931968.0,120580.04688591795,4096.0,90503645.86666666,90710016.0,2496804.5667606555,1087488.0,765350707.2,765304832.0,80310.21447852347,0.0,22535236.266666666,22710272.0,375428.75377597334,81920.0,0.0,0.0,0.0,0.0,51796309.33333333,52002816.0,490248.43240205146,0.0,0.0,0.0,0.0,0.0,1237446656.0,1237446656.0,0.0,0.0,1134507707.7333333,1134507008.0,3480.5210902932768,2048.0,0.0,0.0,0.0,0.0,6813179904.0,6813179904.0,0.0,0.0,0.0,0.0,0.0,0.0,57634897920.0,57634897920.0,0.0,0.0,855854353.0666667,856014848.0,2577114.781239179,1087488.0,1414864281.6,1414961152.0,3060368.551800162,1531904.0
0,40,8557424.280701755,8565760.0,84823.39237956084,49152.0,0.0,0.0,0.0,0.0,20272828.63157895,20238336.0,58230.26407922981,0.0,0.0,0.0,0.0,0.0,441794560.0,441794560.0,0.0,0.0,5011456.0,5011456.0,0.0,0.0,0.0,0.0,0.0,0.0,13631488.0,13631488.0,0.0,0.0,0.0,0.0,0.0,0.0,353468416.0,353468416.0,0.0,0.0,857569046.4561404,857568256.0,1548.3546574875566,1024.0,0.0,0.0,0.0,0.0,4773273600.0,4773273600.0,0.0,0.0,0.0,0.0,0.0,0.0,41084116992.0,41084116992.0,0.0,0.0,848837452.3508772,848837632.0,551.5361823135473,0.0,0.0,0.0,0.0,0.0,4745633792.0,4745633792.0,0.0,0.0,0.0,0.0,0.0,0.0,36578078720.0,36578078720.0,0.0,0.0,9082646.45614035,9188352.0,268455.9399377478,126976.0,0.0,0.0,0.0,0.0,18623793.40350877,18694144.0,218410.3737207831,131072.0,0.0,0.0,0.0,0.0,442183680.0,442183680.0,0.0,0.0,223930026.66666666,224720896.0,2186774.766928193,1189888.0,1301779319.4666667,1301727232.0,104436.33797750385,2048.0,92141909.33333333,92938240.0,1592644.9320293383,655360.0,863058193.0666667,863031296.0,67886.22907554355,0.0,22651526.736842103,22765568.0,353279.33231730864,176128.0,0.0,0.0,0.0,0.0,52528110.03508772,52563968.0,276640.6378000129,131072.0,0.0,0.0,0.0,0.0,1237446656.0,1237446656.0,0.0,0.0,1706406498.8070176,1706405888.0,2099.890839801104,1024.0,0.0,0.0,0.0,0.0,9518907392.0,9518907392.0,0.0,0.0,0.0,0.0,0.0,0.0,77662195712.0,77662195712.0,0.0,0.0,955200102.4000001,955969536.0,1660531.161104882,655360.0,1525709346.1333334,1526448128.0,2291211.104905697,1191936.0
10,0,8317576.533333333,8329216.0,104320.98057006828,107520.0,0.0,0.0,0.0,0.0,17626726.4,17567744.0,159026.2550879411,131072.0,0.0,0.0,0.0,0.0,441794560.0,441794560.0,0.0,0.0,5791846.4,5792768.0,1607.519145574892,1024.0,0.0,0.0,0.0,0.0,13500416.0,13500416.0,0.0,0.0,0.0,0.0,0.0,0.0,219250688.0,219250688.0,0.0,0.0,0.0,0.0,0.0,0.0,0.0,0.0,0.0,0.0,0.0,0.0,0.0,0.0,0.0,0.0,0.0,0.0,0.0,0.0,0.0,0.0,0.0,0.0,0.0,0.0,0.0,0.0,0.0,0.0,0.0,0.0,0.0,0.0,0.0,0.0,0.0,0.0,0.0,0.0,0.0,0.0,9721565.866666667,9911296.0,263184.99014381284,4096.0,0.0,0.0,0.0,0.0,18537540.266666666,18833408.0,385400.00930496445,0.0,0.0,0.0,0.0,0.0,442183680.0,442183680.0,0.0,0.0,200312217.6,201005056.0,1664462.7857819437,108544.0,942138504.5333333,940859392.0,2137374.956263997,393216.0,82231432.53333333,82931712.0,1647023.849915957,86016.0,514465723.73333335,513196032.0,2127376.1694991505,397312.0,23830988.8,24033280.0,369113.489859456,112640.0,0.0,0.0,0.0,0.0,49664682.666666664,49901568.0,544426.2643929055,131072.0,0.0,0.0,0.0,0.0,1103228928.0,1103228928.0,0.0,0.0,0.0,0.0,0.0,0.0,0.0,0.0,0.0,0.0,0.0,0.0,0.0,0.0,0.0,0.0,0.0,0.0,0.0,0.0,0.0,0.0,596697156.2666667,596127744.0,3774400.0194151076,483328.0,1142450722.1333332,1141864448.0,3801837.742045941,501760.0
10,10,9111870.950819673,9148416.0,116064.6581681128,65536.0,0.0,0.0,0.0,0.0,20313608.393442623,20316160.0,247216.77557070425,184320.0,0.0,0.0,0.0,0.0,441794560.0,441794560.0,0.0,0.0,4939423.4754098365,4942848.0,3752.5804437593665,0.0,0.0,0.0,0.0,0.0,13369344.0,13369344.0,0.0,0.0,0.0,0.0,0.0,0.0,353468416.0,353468416.0,0.0,0.0,177488157.37704918,177487872.0,1400.687618801737,1024.0,0.0,0.0,0.0,0.0,1088040960.0,1088040960.0,0.0,0.0,0.0,0.0,0.0,0.0,9189810176.0,9189810176.0,0.0,0.0,174901701.24590164,174902272.0,1393.09909501248,1024.0,0.0,0.0,0.0,0.0,1080963072.0,1080963072.0,0.0,0.0,0.0,0.0,0.0,0.0,9840873472.0,9840873472.0,0.0,0.0,8943683.147540983,9053184.0,185595.10298872256,12288.0,0.0,0.0,0.0,0.0,18332755.93442623,18440192.0,164942.87949063545,0.0,0.0,0.0,0.0,0.0,442183680.0,442183680.0,0.0,0.0,205625713.3114754,205836288.0,1006500.7427194404,327680.0,1054712076.590164,1054941184.0,2514135.217802345,1417216.0,86691638.55737706,86908928.0,802688.3124507818,98304.0,626351053.6393442,626618368.0,2540733.4145462145,1417216.0,22994977.573770493,23144448.0,305412.3416005947,77824.0,0.0,0.0,0.0,0.0,52015708.32786885,52125696.0,412159.6550613397,184320.0,0.0,0.0,0.0,0.0,1237446656.0,1237446656.0,0.0,0.0,352389858.6229508,352390144.0,2793.786713814217,2048.0,0.0,0.0,0.0,0.0,2169004032.0,2169004032.0,0.0,0.0,0.0,0.0,0.0,0.0,19030683648.0,19030683648.0,0.0,0.0,713042692.1967213,713527296.0,3343421.7269969964,1515520.0,1260337789.9016395,1260777472.0,3520635.960521785,1744896.0
10,20,9077486.933333334,9085952.0,103241.75106538211,83968.0,0.0,0.0,0.0,0.0,20229734.4,20230144.0,234078.00127881463,167936.0,0.0,0.0,0.0,0.0,441794560.0,441794560.0,0.0,0.0,4916565.333333333,4917248.0,1872.7257273069952,0.0,0.0,0.0,0.0,0.0,13369344.0,13369344.0,0.0,0.0,0.0,0.0,0.0,0.0,353468416.0,353468416.0,0.0,0.0,344533213.8666667,344532992.0,865.8534628960258,512.0,0.0,0.0,0.0,0.0,2186366976.0,2186366976.0,0.0,0.0,0.0,0.0,0.0,0.0,19624230912.0,19624230912.0,0.0,0.0,340639470.93333334,340642304.0,4682.573469852339,2560.0,0.0,0.0,0.0,0.0,2172928000.0,2172928000.0,0.0,0.0,0.0,0.0,0.0,0.0,19115708416.0,19115708416.0,0.0,0.0,8803396.266666668,8916992.0,279264.0080772768,126976.0,0.0,0.0,0.0,0.0,18169241.6,18313216.0,416015.0745555555,290816.0,0.0,0.0,0.0,0.0,442183680.0,442183680.0,0.0,0.0,208728814.93333334,208826368.0,1991645.7551277287,1728512.0,1098573346.1333334,1098594304.0,107625.0705125408,98304.0,87118643.2,87226368.0,1475698.8421794109,1292288.0,668211677.8666667,668225536.0,113271.16569848562,114688.0,22797448.53333333,22920192.0,384378.48486996593,210944.0,0.0,0.0,0.0,0.0,51768320.0,51912704.0,650093.0758343701,458752.0,0.0,0.0,0.0,0.0,1237446656.0,1237446656.0,0.0,0.0,685172684.8,685175296.0,5548.426932748365,3072.0,0.0,0.0,0.0,0.0,4359294976.0,4359294976.0,0.0,0.0,0.0,0.0,0.0,0.0,38739939328.0,38739939328.0,0.0,0.0,755330321.0666667,755451904.0,1588970.0078778965,1406976.0,1307302161.0666668,1307420672.0,2099270.8256402696,1826816.0
10,30,8976725.333333334,9044992.0,104620.16960976091,12288.0,0.0,0.0,0.0,0.0,20200652.8,20209664.0,224735.69152762543,172032.0,0.0,0.0,0.0,0.0,441794560.0,441794560.0,0.0,0.0,4979712.0,4979712.0,0.0,0.0,0.0,0.0,0.0,0.0,13238272.0,13238272.0,0.0,0.0,0.0,0.0,0.0,0.0,353468416.0,353468416.0,0.0,0.0,571426372.2666667,571427840.0,2836.5809800704037,1024.0,0.0,0.0,0.0,0.0,3418365952.0,3418365952.0,0.0,0.0,0.0,0.0,0.0,0.0,29920047104.0,29920047104.0,0.0,0.0,563027029.3333334,563026944.0,1104.0360265963238,1024.0,0.0,0.0,0.0,0.0,3393986560.0,3393986560.0,0.0,0.0,0.0,0.0,0.0,0.0,27043848192.0,27043848192.0,0.0,0.0,8992699.733333332,9104384.0,249359.71547361094,131072.0,0.0,0.0,0.0,0.0,18514056.533333335,18595840.0,328330.1735030216,270336.0,0.0,0.0,0.0,0.0,442183680.0,442183680.0,0.0,0.0,216441651.2,216135680.0,3143437.973232928,3004416.0,1199926681.6,1199900672.0,89991.45342229797,30720.0,90372778.66666667,90089472.0,2438915.740607078,2379776.0,765817173.3333334,765810688.0,47923.417566747434,28672.0,22949137.066666666,23129088.0,353979.88508337183,143360.0,0.0,0.0,0.0,0.0,51952981.333333336,52043776.0,553065.865030647,442368.0,0.0,0.0,0.0,0.0,1237446656.0,1237446656.0,0.0,0.0,1134453401.6,1134454784.0,3940.6170066667273,2048.0,0.0,0.0,0.0,0.0,6812352512.0,6812352512.0,0.0,0.0,0.0,0.0,0.0,0.0,56963895296.0,56963895296.0,0.0,0.0,856189952.0,855900160.0,2486839.1581738256,2408448.0,1416368332.8,1416036352.0,3233429.4266552264,3035136.0
10,40,9108587.789473685,9131008.0,56967.148389832306,8192.0,0.0,0.0,0.0,0.0,20065297.96491228,20074496.0,195000.33094934965,139264.0,0.0,0.0,0.0,0.0,441794560.0,441794560.0,0.0,0.0,5022720.0,5022720.0,0.0,0.0,0.0,0.0,0.0,0.0,13500416.0,13500416.0,0.0,0.0,0.0,0.0,0.0,0.0,353468416.0,353468416.0,0.0,0.0,857369725.754386,857369600.0,751.2424062060165,0.0,0.0,0.0,0.0,0.0,4773421056.0,4773421056.0,0.0,0.0,0.0,0.0,0.0,0.0,40547184640.0,40547184640.0,0.0,0.0,848881196.9122807,848880640.0,2002.420109702095,1024.0,0.0,0.0,0.0,0.0,4743147520.0,4743147520.0,0.0,0.0,0.0,0.0,0.0,0.0,36712030208.0,36712030208.0,0.0,0.0,9001912.140350876,9059328.0,238744.8180343726,126976.0,0.0,0.0,0.0,0.0,18600510.87719298,18718720.0,307069.71820535604,131072.0,0.0,0.0,0.0,0.0,442183680.0,442183680.0,0.0,0.0,224808960.0,225296384.0,2680774.9975095885,1843200.0,1303119435.5409837,1303089152.0,76626.51116543014,0.0,91997637.24590164,92483584.0,1761692.2558724105,819200.0,863802619.8032787,863797248.0,35673.165731316716,0.0,23133219.92982456,23213056.0,295711.96642420493,135168.0,0.0,0.0,0.0,0.0,52166224.84210526,52293632.0,502070.0491547057,270336.0,0.0,0.0,0.0,0.0,1237446656.0,1237446656.0,0.0,0.0,1706250922.6666665,1706250240.0,2753.6625159081113,1024.0,0.0,0.0,0.0,0.0,9516568576.0,9516568576.0,0.0,0.0,0.0,0.0,0.0,0.0,77259214848.0,77259214848.0,0.0,0.0,955800257.0491803,956280832.0,1797365.4216037272,819200.0,1527928395.5409837,1528385536.0,2757401.508675019,1843200.0
20,0,8259703.466666667,8273920.0,104011.50365443475,101888.0,0.0,0.0,0.0,0.0,17076633.6,16990208.0,123454.18122391724,0.0,0.0,0.0,0.0,0.0,441794560.0,441794560.0,0.0,0.0,5906722.133333334,5907456.0,1809.252223721045,1024.0,0.0,0.0,0.0,0.0,13369344.0,13369344.0,0.0,0.0,0.0,0.0,0.0,0.0,219250688.0,219250688.0,0.0,0.0,0.0,0.0,0.0,0.0,0.0,0.0,0.0,0.0,0.0,0.0,0.0,0.0,0.0,0.0,0.0,0.0,0.0,0.0,0.0,0.0,0.0,0.0,0.0,0.0,0.0,0.0,0.0,0.0,0.0,0.0,0.0,0.0,0.0,0.0,0.0,0.0,0.0,0.0,0.0,0.0,9643093.333333334,9766912.0,245156.23311736085,3584.0,0.0,0.0,0.0,0.0,18455278.933333334,18579456.0,257455.5560898906,0.0,0.0,0.0,0.0,0.0,442183680.0,442183680.0,0.0,0.0,200135338.66666666,200812544.0,1471236.0959932916,305152.0,945880746.6666666,945166336.0,1040857.6385282144,116736.0,82018235.73333333,82704384.0,1449671.8521553257,284672.0,518157926.4,517468160.0,1042778.0587189853,98304.0,23809518.933333337,23948288.0,350976.9889955167,106496.0,0.0,0.0,0.0,0.0,48901256.53333333,48939008.0,380909.7373138078,0.0,0.0,0.0,0.0,0.0,1103228928.0,1103228928.0,0.0,0.0,0.0,0.0,0.0,0.0,0.0,0.0,0.0,0.0,0.0,0.0,0.0,0.0,0.0,0.0,0.0,0.0,0.0,0.0,0.0,0.0,600176162.1333333,600172544.0,2492449.910874311,382976.0,1146016085.3333333,1145978880.0,2512093.734521506,421888.0
20,10,9132373.333333334,9162240.0,135616.7561801865,87552.0,0.0,0.0,0.0,0.0,20175735.466666665,20238336.0,261603.3384988514,165888.0,0.0,0.0,0.0,0.0,441794560.0,441794560.0,0.0,0.0,4950152.533333333,4951040.0,1701.6840259853723,0.0,0.0,0.0,0.0,0.0,13631488.0,13631488.0,0.0,0.0,0.0,0.0,0.0,0.0,353468416.0,353468416.0,0.0,0.0,177606519.46666667,177606656.0,1154.0150612457016,1024.0,0.0,0.0,0.0,0.0,1088172032.0,1088172032.0,0.0,0.0,0.0,0.0,0.0,0.0,9458241536.0,9458241536.0,0.0,0.0,174623488.0,174622720.0,2243.6696333749346,2048.0,0.0,0.0,0.0,0.0,1082163200.0,1082163200.0,0.0,0.0,0.0,0.0,0.0,0.0,9706409984.0,9706409984.0,0.0,0.0,8979933.866666667,9152512.0,251513.92796339357,0.0,0.0,0.0,0.0,0.0,18480810.666666668,18661376.0,296299.42066645494,65536.0,0.0,0.0,0.0,0.0,442183680.0,442183680.0,0.0,0.0,205679342.93333334,205676544.0,2041343.59508625,1939456.0,1073953177.6,1075568640.0,4663745.86510111,737280.0,86550732.8,86544384.0,1754675.6611189663,1695744.0,645437713.0666667,647063552.0,4658364.642712617,731136.0,23062459.733333334,23265792.0,388832.36816956545,87552.0,0.0,0.0,0.0,0.0,52288034.13333334,52531200.0,557902.7591653063,231424.0,0.0,0.0,0.0,0.0,1237446656.0,1237446656.0,0.0,0.0,352230007.4666667,352229376.0,3397.684694620636,3072.0,0.0,0.0,0.0,0.0,2170335232.0,2170335232.0,0.0,0.0,0.0,0.0,0.0,0.0,19164651520.0,19164651520.0,0.0,0.0,731988445.8666667,733607936.0,6413040.303831584,2426880.0,1279632520.5333333,1281245184.0,6705089.460187361,2676736.0
20,20,8936431.213114753,8972288.0,106775.67245228268,40960.0,0.0,0.0,0.0,0.0,20032998.81967213,20037632.0,258496.73451177342,192512.0,0.0,0.0,0.0,0.0,441794560.0,441794560.0,0.0,0.0,4944845.639344262,4944896.0,223.27188454041746,0.0,0.0,0.0,0.0,0.0,13500416.0,13500416.0,0.0,0.0,0.0,0.0,0.0,0.0,353468416.0,353468416.0,0.0,0.0,344135394.6229508,344134656.0,955.6933637231563,0.0,0.0,0.0,0.0,0.0,2186813440.0,2186813440.0,0.0,0.0,0.0,0.0,0.0,0.0,18886033408.0,18886033408.0,0.0,0.0,340997707.5409836,340998144.0,4203.22175469314,4096.0,0.0,0.0,0.0,0.0,2173378560.0,2173378560.0,0.0,0.0,0.0,0.0,0.0,0.0,18981363712.0,18981363712.0,0.0,0.0,8877811.409836065,8927232.0,289426.0659717998,196608.0,0.0,0.0,0.0,0.0,18560184.655737706,18599936.0,366326.3458496574,262144.0,0.0,0.0,0.0,0.0,442183680.0,442183680.0,0.0,0.0,211887960.13114753,212525056.0,2138945.498272264,929792.0,1099841401.7049181,1099821056.0,142104.18038318976,98304.0,90013091.67213115,90664960.0,1653166.579868715,585728.0,669179971.1475409,669171712.0,128461.45217117805,94208.0,22759088.262295082,22844416.0,396425.01030862285,237568.0,0.0,0.0,0.0,0.0,52093599.475409836,52137984.0,624823.0803614308,454656.0,0.0,0.0,0.0,0.0,1237446656.0,1237446656.0,0.0,0.0,685133102.1639345,685132800.0,5158.915118416296,4096.0,0.0,0.0,0.0,0.0,4360192000.0,4360192000.0,0.0,0.0,0.0,0.0,0.0,0.0,37867397120.0,37867397120.0,0.0,0.0,759193062.8196721,759836672.0,1781628.032039893,679936.0,1311729361.8360658,1312346112.0,2281049.6786554535,1028096.0
20,30,9018451.93442623,9072640.0,105957.41472746947,8192.0,0.0,0.0,0.0,0.0,20381696.0,20402176.0,164755.62814949095,126976.0,0.0,0.0,0.0,0.0,441794560.0,441794560.0,0.0,0.0,4877882.75409836,4879360.0,6936.35506745855,4096.0,0.0,0.0,0.0,0.0,13500416.0,13500416.0,0.0,0.0,0.0,0.0,0.0,0.0,353468416.0,353468416.0,0.0,0.0,570334913.0491803,570335232.0,577.4786121935459,0.0,0.0,0.0,0.0,0.0,3414298624.0,3414298624.0,0.0,0.0,0.0,0.0,0.0,0.0,30456655872.0,30456655872.0,0.0,0.0,563574666.4918033,563574784.0,991.0140702491032,1024.0,0.0,0.0,0.0,0.0,3393015808.0,3393015808.0,0.0,0.0,0.0,0.0,0.0,0.0,27178061824.0,27178061824.0,0.0,0.0,8916186.229508197,9031680.0,252571.70623543675,131072.0,0.0,0.0,0.0,0.0,18733156.721311476,18862080.0,274669.9198669882,131072.0,0.0,0.0,0.0,0.0,442183680.0,442183680.0,0.0,0.0,218703301.24590164,219107328.0,1904618.1299925423,1093632.0,1201128498.3606558,1201070080.0,91433.20909568048,12288.0,92164901.77049181,92581888.0,1219997.5295206737,581632.0,766590976.0,766558208.0,52401.05932771461,0.0,22812520.918032788,22983680.0,365465.47603036475,143360.0,0.0,0.0,0.0,0.0,52615268.72131148,52764672.0,439425.5480164791,258048.0,0.0,0.0,0.0,0.0,1237446656.0,1237446656.0,0.0,0.0,1133909579.5409837,1133910016.0,1568.492682442649,1024.0,0.0,0.0,0.0,0.0,6807314432.0,6807314432.0,0.0,0.0,0.0,0.0,0.0,0.0,57634717696.0,57634717696.0,0.0,0.0,858755877.7704918,859140096.0,1272398.5888483883,581632.0,1419831799.6065574,1420177408.0,1996051.3390882227,1105920.0
20,40,9559259.42857143,9548800.0,228426.39500968813,131072.0,0.0,0.0,0.0,0.0,20668123.42857143,20711424.0,260643.1007209149,149504.0,0.0,0.0,0.0,0.0,442683538.28571427,442818560.0,350808.5707860272,0.0,4995291.428571428,4992000.0,13552.176609959466,10240.0,0.0,0.0,0.0,0.0,13631488.0,13631488.0,0.0,0.0,0.0,0.0,0.0,0.0,353468416.0,353468416.0,0.0,0.0,859675830.8571428,859675648.0,1016.6594035650005,1024.0,0.0,0.0,0.0,0.0,4775919616.0,4775919616.0,0.0,0.0,0.0,0.0,0.0,0.0,40118349824.0,40118349824.0,0.0,0.0,829877266.2857143,829876224.0,2564.583947928791,1536.0,0.0,0.0,0.0,0.0,4632281088.0,4632281088.0,0.0,0.0,0.0,0.0,0.0,0.0,35786174464.0,35786174464.0,0.0,0.0,9046454.857142856,9162752.0,194540.28892633747,0.0,0.0,0.0,0.0,0.0,18838089.14285714,18925568.0,239189.85802970437,145408.0,0.0,0.0,0.0,0.0,442183680.0,442183680.0,0.0,0.0,223319790.93333334,222928896.0,3035789.86798957,2236416.0,1304662152.5333333,1304559616.0,197143.8092481305,0.0,89865147.73333333,89481216.0,2109574.4440903836,1382400.0,864762129.0666667,864702464.0,127170.38694600045,0.0,23601005.714285716,23703552.0,436518.86054598505,141312.0,0.0,0.0,0.0,0.0,53137700.571428575,53268480.0,499832.95875061926,294912.0,0.0,0.0,0.0,0.0,1238335634.2857141,1238470656.0,350808.5707860272,0.0,1689553097.142857,1689551872.0,3581.2433514937916,2560.0,0.0,0.0,0.0,0.0,9408200704.0,9408200704.0,0.0,0.0,0.0,0.0,0.0,0.0,75904524288.0,75904524288.0,0.0,0.0,954627276.8000001,954183680.0,2236744.831036384,1382400.0,1527981943.4666667,1527488512.0,3232933.6772377,2236416.0
30,0,8316330.666666667,8308736.0,106186.86466481921,90112.0,0.0,0.0,0.0,0.0,17527603.2,17580032.0,218127.26127876877,196608.0,0.0,0.0,0.0,0.0,441794560.0,441794560.0,0.0,0.0,5802120.533333333,5801472.0,1990.4966714039128,1536.0,0.0,0.0,0.0,0.0,13369344.0,13369344.0,0.0,0.0,0.0,0.0,0.0,0.0,219250688.0,219250688.0,0.0,0.0,0.0,0.0,0.0,0.0,0.0,0.0,0.0,0.0,0.0,0.0,0.0,0.0,0.0,0.0,0.0,0.0,0.0,0.0,0.0,0.0,0.0,0.0,0.0,0.0,0.0,0.0,0.0,0.0,0.0,0.0,0.0,0.0,0.0,0.0,0.0,0.0,0.0,0.0,0.0,0.0,9600904.533333333,9648128.0,176434.4985758475,4096.0,0.0,0.0,0.0,0.0,18384486.4,18448384.0,190727.81408631091,0.0,0.0,0.0,0.0,0.0,442183680.0,442183680.0,0.0,0.0,200194935.46666667,201170944.0,1868385.1991740696,417792.0,950273228.8,950276096.0,118874.45579790244,61440.0,82088482.13333334,83077120.0,1852380.7885820288,387072.0,522546858.6666667,522549248.0,41259.45226789042,38912.0,23719355.733333334,23758336.0,284611.8599120706,95744.0,0.0,0.0,0.0,0.0,49281433.599999994,49397760.0,408855.0753650797,196608.0,0.0,0.0,0.0,0.0,1103228928.0,1103228928.0,0.0,0.0,0.0,0.0,0.0,0.0,0.0,0.0,0.0,0.0,0.0,0.0,0.0,0.0,0.0,0.0,0.0,0.0,0.0,0.0,0.0,0.0,604635340.8000001,605626368.0,1893640.2408499192,425984.0,1150468164.2666667,1151447040.0,1987259.654971972,479232.0
30,10,9129096.533333333,9160704.0,108002.2344513779,36864.0,0.0,0.0,0.0,0.0,20253013.333333332,20193280.0,249074.9477770181,184320.0,0.0,0.0,0.0,0.0,441794560.0,441794560.0,0.0,0.0,5011165.866666666,5011456.0,465.3256729656166,0.0,0.0,0.0,0.0,0.0,13500416.0,13500416.0,0.0,0.0,0.0,0.0,0.0,0.0,353468416.0,353468416.0,0.0,0.0,177687159.46666667,177686528.0,2660.207354392056,2048.0,0.0,0.0,0.0,0.0,1089298432.0,1089298432.0,0.0,0.0,0.0,0.0,0.0,0.0,9458245632.0,9458245632.0,0.0,0.0,174542694.4,174541824.0,1262.260807346371,0.0,0.0,0.0,0.0,0.0,1079918592.0,1079918592.0,0.0,0.0,0.0,0.0,0.0,0.0,9706520576.0,9706520576.0,0.0,0.0,9081907.2,9233408.0,256472.5771796659,1024.0,0.0,0.0,0.0,0.0,18732100.266666666,18878464.0,242636.75919518308,0.0,0.0,0.0,0.0,0.0,442183680.0,442183680.0,0.0,0.0,203651413.33333334,203980800.0,1585490.2550966572,944128.0,1081130666.6666667,1081184256.0,215363.62368657437,126976.0,84336571.73333333,84688896.0,1344291.5280976747,622592.0,652434636.8,652484608.0,199238.34156741918,143360.0,23222169.599999998,23405568.0,364940.1373040094,37888.0,0.0,0.0,0.0,0.0,52485529.599999994,52572160.0,491711.7069722012,184320.0,0.0,0.0,0.0,0.0,1237446656.0,1237446656.0,0.0,0.0,352229853.8666667,352228352.0,3922.4681617384267,2048.0,0.0,0.0,0.0,0.0,2169217024.0,2169217024.0,0.0,0.0,0.0,0.0,0.0,0.0,19164766208.0,19164766208.0,0.0,0.0,736771208.5333333,737173504.0,1543529.869665094,765952.0,1284782080.0,1285165056.0,1800853.8787832316,1071104.0
30,20,9138961.066666666,9196032.0,116061.94802190573,19968.0,0.0,0.0,0.0,0.0,20566630.4,20570112.0,207367.61290063712,135168.0,0.0,0.0,0.0,0.0,441794560.0,441794560.0,0.0,0.0,4938752.0,4938752.0,0.0,0.0,0.0,0.0,0.0,0.0,13500416.0,13500416.0,0.0,0.0,0.0,0.0,0.0,0.0,353468416.0,353468416.0,0.0,0.0,344838297.6,344839168.0,2420.474384096596,1024.0,0.0,0.0,0.0,0.0,2188546048.0,2188546048.0,0.0,0.0,0.0,0.0,0.0,0.0,19087368192.0,19087368192.0,0.0,0.0,341040844.8,341042176.0,4603.851993674539,2048.0,0.0,0.0,0.0,0.0,2174521344.0,2174521344.0,0.0,0.0,0.0,0.0,0.0,0.0,19115708416.0,19115708416.0,0.0,0.0,8945459.2,9104384.0,244828.88381367677,32768.0,0.0,0.0,0.0,0.0,18570171.733333334,18685952.0,230323.4952053062,65536.0,0.0,0.0,0.0,0.0,442183680.0,442183680.0,0.0,0.0,210093329.06666666,210350080.0,1908446.4381317666,1634304.0,1101075797.3333333,1101082624.0,149034.01710139375,118784.0,87871419.73333333,88133632.0,1397143.930383087,1273856.0,670102050.1333333,670097408.0,131532.13696208404,102400.0,23023172.266666666,23239168.0,360890.8318355825,52736.0,0.0,0.0,0.0,0.0,52637218.13333333,52756480.0,437691.1081059433,200704.0,0.0,0.0,0.0,0.0,1237446656.0,1237446656.0,0.0,0.0,685879142.4000001,685881344.0,7024.3263777711345,3072.0,0.0,0.0,0.0,0.0,4363067392.0,4363067392.0,0.0,0.0,0.0,0.0,0.0,0.0,38203076608.0,38203076608.0,0.0,0.0,757973469.8666667,758231040.0,1528676.067345171,1376256.0,1311169126.3999999,1311432704.0,2057480.4552331604,1753088.0
30,30,9033932.8,9088000.0,106708.86470709903,24576.0,0.0,0.0,0.0,0.0,20224614.4,20193280.0,193829.9735582709,135168.0,0.0,0.0,0.0,0.0,441794560.0,441794560.0,0.0,0.0,4865024.0,4865024.0,0.0,0.0,0.0,0.0,0.0,0.0,13500416.0,13500416.0,0.0,0.0,0.0,0.0,0.0,0.0,353468416.0,353468416.0,0.0,0.0,571885004.8,571884544.0,1428.6947557420185,1024.0,0.0,0.0,0.0,0.0,3418509312.0,3418509312.0,0.0,0.0,0.0,0.0,0.0,0.0,30188261376.0,30188261376.0,0.0,0.0,563614259.2,563613696.0,1465.538656106475,1024.0,0.0,0.0,0.0,0.0,3393855488.0,3393855488.0,0.0,0.0,0.0,0.0,0.0,0.0,27178061824.0,27178061824.0,0.0,0.0,8975633.066666666,9151488.0,244047.21053676307,4096.0,0.0,0.0,0.0,0.0,18595157.333333332,18853888.0,395701.7326186209,0.0,0.0,0.0,0.0,0.0,442183680.0,442183680.0,0.0,0.0,216486980.26666668,216627200.0,2786721.0748053226,2359296.0,1203264921.6,1203232768.0,76494.78533488742,0.0,89409672.53333333,89559040.0,2067011.5403572086,1503232.0,768312934.4,768303104.0,23598.513244751495,0.0,22874589.866666667,23104512.0,350756.0752438621,28672.0,0.0,0.0,0.0,0.0,52320187.733333334,52547584.0,589531.7061768918,135168.0,0.0,0.0,0.0,0.0,1237446656.0,1237446656.0,0.0,0.0,1135499264.0,1135498240.0,2894.2334118484932,2048.0,0.0,0.0,0.0,0.0,6812364800.0,6812364800.0,0.0,0.0,0.0,0.0,0.0,0.0,57366323200.0,57366323200.0,0.0,0.0,857722606.9333333,857862144.0,2090610.0536019602,1503232.0,1419751901.8666666,1419859968.0,2863215.86014021,2359296.0
30,40,9050561.122807018,9071616.0,61690.31448755903,16384.0,0.0,0.0,0.0,0.0,20306171.50877193,20271104.0,229445.2369546663,176128.0,0.0,0.0,0.0,0.0,441794560.0,441794560.0,0.0,0.0,5058560.0,5058560.0,6568.212281239742,8192.0,0.0,0.0,0.0,0.0,13369344.0,13369344.0,0.0,0.0,0.0,0.0,0.0,0.0,353468416.0,353468416.0,0.0,0.0,859789329.9649123,859789312.0,1136.5152560869105,1024.0,0.0,0.0,0.0,0.0,4776271872.0,4776271872.0,0.0,0.0,0.0,0.0,0.0,0.0,41149964288.0,41149964288.0,0.0,0.0,849380477.754386,849380352.0,909.1254879730332,0.0,0.0,0.0,0.0,0.0,4745736192.0,4745736192.0,0.0,0.0,0.0,0.0,0.0,0.0,37248892928.0,37248892928.0,0.0,0.0,9140224.0,9299968.0,226122.89068431035,0.0,0.0,0.0,0.0,0.0,19011260.63157895,19116032.0,264668.9229096711,131072.0,0.0,0.0,0.0,0.0,442183680.0,442183680.0,0.0,0.0,225909911.0819672,226082816.0,3440896.4061212027,3088384.0,1305128624.262295,1305128960.0,87237.09187837892,32768.0,91681775.21311475,91856896.0,2463855.1258369414,2199552.0,864689638.8196721,864710656.0,39503.75876356924,57344.0,23249345.12280702,23430144.0,294381.4174531091,24576.0,0.0,0.0,0.0,0.0,52686776.14035088,52756480.0,494114.1598643374,307200.0,0.0,0.0,0.0,0.0,1237446656.0,1237446656.0,0.0,0.0,1709169807.7192984,1709169664.0,2045.6407440599437,1024.0,0.0,0.0,0.0,0.0,9522008064.0,9522008064.0,0.0,0.0,0.0,0.0,0.0,0.0,78398857216.0,78398857216.0,0.0,0.0,956371414.0327868,956567552.0,2503358.884600511,2256896.0,1531038535.3442621,1531211776.0,3528133.4979995815,3121152.0
40,0,8236703.4754098365,8240128.0,107160.3296137158,102400.0,0.0,0.0,0.0,0.0,16830732.590163935,16764928.0,177188.2902403897,122880.0,0.0,0.0,0.0,0.0,441794560.0,441794560.0,0.0,0.0,5721608.393442623,5722112.0,1514.4927784430945,1024.0,0.0,0.0,0.0,0.0,13369344.0,13369344.0,0.0,0.0,0.0,0.0,0.0,0.0,219250688.0,219250688.0,0.0,0.0,0.0,0.0,0.0,0.0,0.0,0.0,0.0,0.0,0.0,0.0,0.0,0.0,0.0,0.0,0.0,0.0,0.0,0.0,0.0,0.0,0.0,0.0,0.0,0.0,0.0,0.0,0.0,0.0,0.0,0.0,0.0,0.0,0.0,0.0,0.0,0.0,0.0,0.0,0.0,0.0,9569901.114754098,9653248.0,190569.33264598637,20480.0,0.0,0.0,0.0,0.0,18427366.81967213,18624512.0,339508.3083435764,0.0,0.0,0.0,0.0,0.0,442183680.0,442183680.0,0.0,0.0,199979746.62295082,200937472.0,1990314.0063420995,184320.0,950847857.3114754,950804480.0,111064.7527567501,4096.0,81848353.5737705,82833408.0,1988731.1887558566,159744.0,523121915.8032787,523116544.0,24797.336270131695,0.0,23528212.983606555,23615488.0,299244.15503814525,123904.0,0.0,0.0,0.0,0.0,48627443.40983607,48758784.0,516696.5985839661,122880.0,0.0,0.0,0.0,0.0,1103228928.0,1103228928.0,0.0,0.0,0.0,0.0,0.0,0.0,0.0,0.0,0.0,0.0,0.0,0.0,0.0,0.0,0.0,0.0,0.0,0.0,0.0,0.0,0.0,0.0,604970269.3770492,605949952.0,2013528.5250259882,159744.0,1150827603.9344263,1151741952.0,2101378.7590988497,188416.0
40,10,9185280.0,9238528.0,161390.9984459785,96256.0,0.0,0.0,0.0,0.0,20109380.266666666,20070400.0,282412.62296066177,192512.0,0.0,0.0,0.0,0.0,441794560.0,441794560.0,0.0,0.0,4988296.533333333,4987904.0,502.0686517533695,0.0,0.0,0.0,0.0,0.0,13369344.0,13369344.0,0.0,0.0,0.0,0.0,0.0,0.0,353468416.0,353468416.0,0.0,0.0,177538406.4,177538048.0,1370.2780517044891,1024.0,0.0,0.0,0.0,0.0,1089114112.0,1089114112.0,0.0,0.0,0.0,0.0,0.0,0.0,9458241536.0,9458241536.0,0.0,0.0,174834858.66666666,174834688.0,2049.44581733504,1024.0,0.0,0.0,0.0,0.0,1080438784.0,1080438784.0,0.0,0.0,0.0,0.0,0.0,0.0,9840738304.0,9840738304.0,0.0,0.0,9031953.066666666,9168896.0,250204.9993445623,0.0,0.0,0.0,0.0,0.0,18472072.533333335,18464768.0,379514.20223046455,290816.0,0.0,0.0,0.0,0.0,442183680.0,442183680.0,0.0,0.0,204858709.33333334,205557760.0,2573857.146210568,1642496.0,1086554112.0,1086558208.0,45128.52098888316,36864.0,85382963.2,86083584.0,2292014.001239904,1505280.0,657734246.4,657731584.0,42891.806237065444,32768.0,23205529.6,23395328.0,412098.06644229416,96256.0,0.0,0.0,0.0,0.0,51950796.8,51904512.0,661926.8251911263,483328.0,0.0,0.0,0.0,0.0,1237446656.0,1237446656.0,0.0,0.0,352373265.06666666,352372736.0,3419.723869039529,2048.0,0.0,0.0,0.0,0.0,2169552896.0,2169552896.0,0.0,0.0,0.0,0.0,0.0,0.0,19298979840.0,19298979840.0,0.0,0.0,743117209.6,743815168.0,2334905.8074769694,1538048.0,1291412821.3333333,1292115968.0,2618985.667199451,1679360.0
40,20,9017139.2,9085952.0,120389.76170174684,28672.0,0.0,0.0,0.0,0.0,20141260.8,20101120.0,221502.9905667037,133120.0,0.0,0.0,0.0,0.0,441794560.0,441794560.0,0.0,0.0,4998144.0,4998144.0,0.0,0.0,0.0,0.0,0.0,0.0,13500416.0,13500416.0,0.0,0.0,0.0,0.0,0.0,0.0,353468416.0,353468416.0,0.0,0.0,343746901.3333333,343746560.0,615.7484261399175,0.0,0.0,0.0,0.0,0.0,2187866112.0,2187866112.0,0.0,0.0,0.0,0.0,0.0,0.0,19221557248.0,19221557248.0,0.0,0.0,340712226.1333333,340712448.0,1279.9710731194664,1024.0,0.0,0.0,0.0,0.0,2173079552.0,2173079552.0,0.0,0.0,0.0,0.0,0.0,0.0,19518365696.0,19518365696.0,0.0,0.0,8957064.533333333,8982528.0,199061.70261465746,134656.0,0.0,0.0,0.0,0.0,18542592.0,18571264.0,221469.22475908438,131072.0,0.0,0.0,0.0,0.0,442183680.0,442183680.0,0.0,0.0,210210201.6,210503680.0,1684541.3164956772,1214464.0,1102220765.8666666,1102233600.0,193485.8510820134,196608.0,87645388.8,87941120.0,1197914.6592444328,712704.0,670980232.5333333,670992384.0,194150.46834965065,196608.0,22972347.733333334,23066624.0,319451.4643164043,163328.0,0.0,0.0,0.0,0.0,52184268.8,52172800.0,442972.2153257881,264192.0,0.0,0.0,0.0,0.0,1237446656.0,1237446656.0,0.0,0.0,684459127.4666667,684459008.0,1895.7194992593838,1024.0,0.0,0.0,0.0,0.0,4360945664.0,4360945664.0,0.0,0.0,0.0,0.0,0.0,0.0,38739922944.0,38739922944.0,0.0,0.0,758625621.3333333,758933504.0,1392065.1275940835,909312.0,1312430967.4666665,1312737280.0,1878027.1675776907,1411072.0
40,30,9133619.2,9176064.0,89568.4661604306,8192.0,0.0,0.0,0.0,0.0,20370158.933333334,20338688.0,204004.93191494804,131072.0,0.0,0.0,0.0,0.0,441794560.0,441794560.0,0.0,0.0,4901546.666666667,4901888.0,1141.6281365925977,0.0,0.0,0.0,0.0,0.0,13631488.0,13631488.0,0.0,0.0,0.0,0.0,0.0,0.0,353468416.0,353468416.0,0.0,0.0,571255586.1333333,571255808.0,1223.170532433,1024.0,0.0,0.0,0.0,0.0,3417092096.0,3417092096.0,0.0,0.0,0.0,0.0,0.0,0.0,30322483200.0,30322483200.0,0.0,0.0,564713318.4,564712448.0,2704.8177682280248,3072.0,0.0,0.0,0.0,0.0,3396902912.0,3396902912.0,0.0,0.0,0.0,0.0,0.0,0.0,27446505472.0,27446505472.0,0.0,0.0,8990856.533333333,9085952.0,243652.15601013816,131072.0,0.0,0.0,0.0,0.0,18696055.466666665,18796544.0,248594.0432884312,131072.0,0.0,0.0,0.0,0.0,442183680.0,442183680.0,0.0,0.0,218949768.53333333,219607040.0,3120627.4028519904,1769472.0,1203771050.6666667,1203728384.0,82907.81605947301,0.0,91341004.8,92000256.0,2454094.775222533,1093632.0,768389393.0666667,768368640.0,30743.055453867102,0.0,23026022.4,23163904.0,334362.25030716136,139264.0,0.0,0.0,0.0,0.0,52697702.400000006,52766720.0,452598.97520337923,262144.0,0.0,0.0,0.0,0.0,1237446656.0,1237446656.0,0.0,0.0,1135968904.5333333,1135968256.0,3927.988300661025,4096.0,0.0,0.0,0.0,0.0,6813995008.0,6813995008.0,0.0,0.0,0.0,0.0,0.0,0.0,57768988672.0,57768988672.0,0.0,0.0,859730397.8666667,860368896.0,2484837.8306764,1093632.0,1422720819.2,1423335424.0,3203535.2189114634,1769472.0
40,40,9127145.54385965,9148416.0,61109.669722343744,16384.0,0.0,0.0,0.0,0.0,20524265.54385965,20463616.0,172994.85838396533,126976.0,0.0,0.0,0.0,0.0,441794560.0,441794560.0,0.0,0.0,4954112.0,4954112.0,0.0,0.0,0.0,0.0,0.0,0.0,13500416.0,13500416.0,0.0,0.0,0.0,0.0,0.0,0.0,353468416.0,353468416.0,0.0,0.0,860100248.7017543,860100608.0,2570.8841306119925,1024.0,0.0,0.0,0.0,0.0,4779032576.0,4779032576.0,0.0,0.0,0.0,0.0,0.0,0.0,41392271360.0,41392271360.0,0.0,0.0,827369651.6491228,827369472.0,1342.4447380382987,1024.0,0.0,0.0,0.0,0.0,4624220160.0,4624220160.0,0.0,0.0,0.0,0.0,0.0,0.0,35920396288.0,35920396288.0,0.0,0.0,9092060.07017544,9294848.0,265506.57414135855,0.0,0.0,0.0,0.0,0.0,18607265.684210528,18894848.0,363539.76809535857,0.0,0.0,0.0,0.0,0.0,442183680.0,442183680.0,0.0,0.0,225785173.33333334,225566720.0,4297300.987152682,4329472.0,1305679325.8666666,1305649152.0,73793.40927795164,0.0,90925806.93333334,90712064.0,3374647.8697429863,3622912.0,864662323.2,864649216.0,39286.00422749444,0.0,23173317.61403509,23397376.0,326616.2438637023,16384.0,0.0,0.0,0.0,0.0,52631947.22807017,52858880.0,536534.626479324,126976.0,0.0,0.0,0.0,0.0,1237446656.0,1237446656.0,0.0,0.0,1687469900.3508773,1687470080.0,3913.328868650291,2048.0,0.0,0.0,0.0,0.0,9403252736.0,9403252736.0,0.0,0.0,0.0,0.0,0.0,0.0,77312667648.0,77312667648.0,0.0,0.0,955588130.1333334,955361280.0,3413933.8739704806,3622912.0,1531464499.1999998,1531215872.0,4371094.396430633,4329472.0
50,0,8342749.866666666,8354304.0,104172.33910476518,107520.0,0.0,0.0,0.0,0.0,17136162.133333333,17031168.0,199431.1626282015,0.0,0.0,0.0,0.0,0.0,441794560.0,441794560.0,0.0,0.0,5810124.8,5810176.0,1822.3026298000757,0.0,0.0,0.0,0.0,0.0,13369344.0,13369344.0,0.0,0.0,0.0,0.0,0.0,0.0,219250688.0,219250688.0,0.0,0.0,0.0,0.0,0.0,0.0,0.0,0.0,0.0,0.0,0.0,0.0,0.0,0.0,0.0,0.0,0.0,0.0,0.0,0.0,0.0,0.0,0.0,0.0,0.0,0.0,0.0,0.0,0.0,0.0,0.0,0.0,0.0,0.0,0.0,0.0,0.0,0.0,0.0,0.0,0.0,0.0,9671850.666666666,9754624.0,192002.94277217507,3072.0,0.0,0.0,0.0,0.0,18562525.866666667,18653184.0,255721.14425052048,0.0,0.0,0.0,0.0,0.0,442183680.0,442183680.0,0.0,0.0,199929856.0,200706048.0,2015965.6131971823,397312.0,955475421.8666667,955453440.0,75209.45466517337,2048.0,81784627.2,82587648.0,1993565.5883915317,376832.0,527734920.53333336,527732736.0,26890.658010787087,0.0,23824725.333333332,23919104.0,297997.5845067403,110592.0,0.0,0.0,0.0,0.0,49068032.0,49053696.0,455152.306878722,0.0,0.0,0.0,0.0,0.0,1103228928.0,1103228928.0,0.0,0.0,0.0,0.0,0.0,0.0,0.0,0.0,0.0,0.0,0.0,0.0,0.0,0.0,0.0,0.0,0.0,0.0,0.0,0.0,0.0,0.0,609519547.7333333,610320384.0,2020456.2464023188,376832.0,1155405277.8666668,1156159488.0,2091175.0678623556,399360.0
50,10,9107506.360655738,9151488.0,132900.10819032876,69632.0,0.0,0.0,0.0,0.0,20282317.639344264,20316160.0,194645.35289718004,131072.0,0.0,0.0,0.0,0.0,441794560.0,441794560.0,0.0,0.0,5002139.278688525,5002240.0,307.4796541316482,0.0,0.0,0.0,0.0,0.0,13369344.0,13369344.0,0.0,0.0,0.0,0.0,0.0,0.0,353468416.0,353468416.0,0.0,0.0,177993224.39344263,177992704.0,1709.6297774536697,1024.0,0.0,0.0,0.0,0.0,1087934464.0,1087934464.0,0.0,0.0,0.0,0.0,0.0,0.0,9592463360.0,9592463360.0,0.0,0.0,174971501.1147541,174970880.0,1364.63370052627,1024.0,0.0,0.0,0.0,0.0,1081479168.0,1081479168.0,0.0,0.0,0.0,0.0,0.0,0.0,9706381312.0,9706381312.0,0.0,0.0,8952882.360655738,9000960.0,232762.988083446,126976.0,0.0,0.0,0.0,0.0,18630488.13114754,18677760.0,238143.5368018957,131072.0,0.0,0.0,0.0,0.0,442183680.0,442183680.0,0.0,0.0,206016512.0,205926400.0,2494014.901663474,1454080.0,1087045363.409836,1087041536.0,68346.63731239869,32768.0,86347305.96721311,86286336.0,2265012.4607924046,1175552.0,658074372.1967213,658063360.0,59528.56926855083,24576.0,23062528.0,23154688.0,365970.57592790644,196608.0,0.0,0.0,0.0,0.0,52282149.7704918,52363264.0,432788.8896990757,262144.0,0.0,0.0,0.0,0.0,1237446656.0,1237446656.0,0.0,0.0,352964725.5081967,352963584.0,3074.26347797994,2048.0,0.0,0.0,0.0,0.0,2169413632.0,2169413632.0,0.0,0.0,0.0,0.0,0.0,0.0,19298844672.0,19298844672.0,0.0,0.0,744421678.1639345,744349696.0,2324541.0300609553,1200128.0,1293061875.409836,1292967936.0,2562361.5389758726,1486848.0
50,20,8987511.466666667,9042944.0,104085.52821980335,12288.0,0.0,0.0,0.0,0.0,20186180.266666666,20217856.0,207970.15896222982,110592.0,0.0,0.0,0.0,0.0,441794560.0,441794560.0,0.0,0.0,5004748.8,5004288.0,513.732661466669,0.0,0.0,0.0,0.0,0.0,13238272.0,13238272.0,0.0,0.0,0.0,0.0,0.0,0.0,353468416.0,353468416.0,0.0,0.0,344250231.46666664,344249856.0,1908.447656210978,1536.0,0.0,0.0,0.0,0.0,2187579392.0,2187579392.0,0.0,0.0,0.0,0.0,0.0,0.0,19288678400.0,19288678400.0,0.0,0.0,341797853.8666667,341797376.0,1577.0103389133337,1536.0,0.0,0.0,0.0,0.0,2176618496.0,2176618496.0,0.0,0.0,0.0,0.0,0.0,0.0,18847338496.0,18847338496.0,0.0,0.0,8890982.4,9052160.0,289014.52133801865,98304.0,0.0,0.0,0.0,0.0,18682402.133333333,18870272.0,299344.4365587806,65536.0,0.0,0.0,0.0,0.0,442183680.0,442183680.0,0.0,0.0,210799889.06666666,210835456.0,2682857.5290523996,2060288.0,1103647539.2,1103663104.0,140209.85120118211,98304.0,87852441.6,87900160.0,2200172.3725457205,1646592.0,672104789.3333334,672135168.0,119456.68245607874,106496.0,22883242.666666664,23099392.0,393613.78221928864,110592.0,0.0,0.0,0.0,0.0,52106854.4,52326400.0,507314.59552101046,176128.0,0.0,0.0,0.0,0.0,1237446656.0,1237446656.0,0.0,0.0,686048085.3333333,686047232.0,3485.4579951243118,3072.0,0.0,0.0,0.0,0.0,4364197888.0,4364197888.0,0.0,0.0,0.0,0.0,0.0,0.0,38136016896.0,38136016896.0,0.0,0.0,759957230.9333334,760035328.0,2319629.0550017995,1753088.0,1314447428.2666667,1314498560.0,2823067.380253582,2158592.0
50,30,9007240.533333333,9035776.0,82704.09118064122,28672.0,0.0,0.0,0.0,0.0,20173892.266666666,20207616.0,185091.86703573755,108544.0,0.0,0.0,0.0,0.0,441794560.0,441794560.0,0.0,0.0,4940253.866666666,4942848.0,5000.468667752568,0.0,0.0,0.0,0.0,0.0,13500416.0,13500416.0,0.0,0.0,0.0,0.0,0.0,0.0,353468416.0,353468416.0,0.0,0.0,571711914.6666666,571712512.0,3304.945788763662,1024.0,0.0,0.0,0.0,0.0,3416297472.0,3416297472.0,0.0,0.0,0.0,0.0,0.0,0.0,30590881792.0,30590881792.0,0.0,0.0,563934105.6,563934208.0,793.1869893032789,0.0,0.0,0.0,0.0,0.0,3393691648.0,3393691648.0,0.0,0.0,0.0,0.0,0.0,0.0,26909630464.0,26909630464.0,0.0,0.0,9012701.866666667,9166848.0,223288.79497276322,28672.0,0.0,0.0,0.0,0.0,18837230.933333334,18939904.0,190158.42732586514,65536.0,0.0,0.0,0.0,0.0,442183680.0,442183680.0,0.0,0.0,220338039.46666667,220407808.0,1763318.1777110503,1318912.0,1204251238.4,1204228096.0,62159.300404849615,0.0,92152422.4,92233728.0,1047266.1174396856,720896.0,768456635.7333333,768450560.0,20030.642693317273,0.0,22960196.266666666,23145472.0,310993.354821157,57344.0,0.0,0.0,0.0,0.0,52511539.2,52647936.0,375250.2943616027,174080.0,0.0,0.0,0.0,0.0,1237446656.0,1237446656.0,0.0,0.0,1135646020.2666667,1135646720.0,4098.132778066941,1024.0,0.0,0.0,0.0,0.0,6809989120.0,6809989120.0,0.0,0.0,0.0,0.0,0.0,0.0,57500512256.0,57500512256.0,0.0,0.0,860609058.1333333,860684288.0,1067296.760133003,720896.0,1424589277.8666668,1424635904.0,1825477.4781159,1318912.0
50,40,9030436.57142857,9054208.0,48824.59266724176,0.0,0.0,0.0,0.0,0.0,20021906.285714287,20051968.0,249371.1843950856,174080.0,0.0,0.0,0.0,0.0,441794560.0,441794560.0,0.0,0.0,4924123.428571428,4924416.0,1534.0038977921663,0.0,0.0,0.0,0.0,0.0,13762560.0,13762560.0,0.0,0.0,0.0,0.0,0.0,0.0,353468416.0,353468416.0,0.0,0.0,863089353.1428572,863089664.0,1103.2212574353082,1024.0,0.0,0.0,0.0,0.0,4777062400.0,4777062400.0,0.0,0.0,0.0,0.0,0.0,0.0,41822650368.0,41822650368.0,0.0,0.0,849358153.1428572,849359872.0,4371.182171818144,2048.0,0.0,0.0,0.0,0.0,4745506816.0,4745506816.0,0.0,0.0,0.0,0.0,0.0,0.0,36712030208.0,36712030208.0,0.0,0.0,8964827.42857143,9035776.0,246721.43299127367,126976.0,0.0,0.0,0.0,0.0,18821705.14285714,18882560.0,239304.60805557793,147456.0,0.0,0.0,0.0,0.0,442183680.0,442183680.0,0.0,0.0,228410163.2,228823040.0,3418289.063358803,2646016.0,1306196923.7333333,1306157056.0,83101.63206414354,0.0,92749004.8,93175808.0,2480268.955974289,1695744.0,864614400.0,864595968.0,35239.15923505015,0.0,22919387.42857143,23014400.0,297080.0295563076,126976.0,0.0,0.0,0.0,0.0,52606171.428571425,52697088.0,488675.7924506635,321536.0,0.0,0.0,0.0,0.0,1237446656.0,1237446656.0,0.0,0.0,1712447506.2857144,1712449536.0,5474.403429253452,3072.0,0.0,0.0,0.0,0.0,9522569216.0,9522569216.0,0.0,0.0,0.0,0.0,0.0,0.0,78534680576.0,78534680576.0,0.0,0.0,957363404.8,957771776.0,2515508.115209339,1695744.0,1534607086.9333334,1534980096.0,3501390.6954229465,2646016.0
60,0,8164044.8,8178688.0,104058.00557296748,102400.0,0.0,0.0,0.0,0.0,17307238.4,17346560.0,60571.6205459793,0.0,0.0,0.0,0.0,0.0,441794560.0,441794560.0,0.0,0.0,5855590.4,5855232.0,1746.6096475792606,2048.0,0.0,0.0,0.0,0.0,13369344.0,13369344.0,0.0,0.0,0.0,0.0,0.0,0.0,219250688.0,219250688.0,0.0,0.0,0.0,0.0,0.0,0.0,0.0,0.0,0.0,0.0,0.0,0.0,0.0,0.0,0.0,0.0,0.0,0.0,0.0,0.0,0.0,0.0,0.0,0.0,0.0,0.0,0.0,0.0,0.0,0.0,0.0,0.0,0.0,0.0,0.0,0.0,0.0,0.0,0.0,0.0,0.0,0.0,9610308.266666668,9658368.0,238720.4862060149,45568.0,0.0,0.0,0.0,0.0,18742203.733333334,18792448.0,236560.25591414332,0.0,0.0,0.0,0.0,0.0,442183680.0,442183680.0,0.0,0.0,200417280.0,201078784.0,2004549.9688980957,485376.0,955674692.2666667,955666432.0,90629.58739199322,4096.0,82255530.66666667,82950144.0,2001748.0771525225,460800.0,527938082.1333333,527945728.0,42496.45654917781,4096.0,23629943.46666667,23692288.0,344525.10142656165,150016.0,0.0,0.0,0.0,0.0,49418786.13333333,49508352.0,297131.87646012264,0.0,0.0,0.0,0.0,0.0,1103228928.0,1103228928.0,0.0,0.0,0.0,0.0,0.0,0.0,0.0,0.0,0.0,0.0,0.0,0.0,0.0,0.0,0.0,0.0,0.0,0.0,0.0,0.0,0.0,0.0,610193612.8,610895872.0,2044244.5337017004,464896.0,1156091972.2666667,1156745216.0,2095179.556290089,489472.0
60,10,9013930.666666666,9032704.0,134196.3446412511,116736.0,0.0,0.0,0.0,0.0,20248644.266666666,20267008.0,218690.6083160011,151552.0,0.0,0.0,0.0,0.0,441794560.0,441794560.0,0.0,0.0,4930560.0,4930560.0,0.0,0.0,0.0,0.0,0.0,0.0,13500416.0,13500416.0,0.0,0.0,0.0,0.0,0.0,0.0,353468416.0,353468416.0,0.0,0.0,177590886.4,177591296.0,1915.2646690581362,1536.0,0.0,0.0,0.0,0.0,1088167936.0,1088167936.0,0.0,0.0,0.0,0.0,0.0,0.0,9324044288.0,9324044288.0,0.0,0.0,175073331.2,175072256.0,2202.0943867453993,1024.0,0.0,0.0,0.0,0.0,1081618432.0,1081618432.0,0.0,0.0,0.0,0.0,0.0,0.0,9773621248.0,9773621248.0,0.0,0.0,9135718.4,9242624.0,222227.65052532672,73728.0,0.0,0.0,0.0,0.0,18942634.666666668,19062784.0,191987.16003770835,0.0,0.0,0.0,0.0,0.0,442183680.0,442183680.0,0.0,0.0,204968345.6,204898304.0,1957760.2881260419,825344.0,1087755673.6,1087754240.0,75878.93988234019,40960.0,85115289.6,85049344.0,1692282.6458059058,563200.0,658629495.4666667,658636800.0,58575.89081173841,40960.0,23080209.066666666,23205888.0,356423.99516657786,190464.0,0.0,0.0,0.0,0.0,52691694.93333334,52830208.0,410677.7683537095,151552.0,0.0,0.0,0.0,0.0,1237446656.0,1237446656.0,0.0,0.0,352664217.6,352663552.0,4117.359055803536,2560.0,0.0,0.0,0.0,0.0,2169786368.0,2169786368.0,0.0,0.0,0.0,0.0,0.0,0.0,19097665536.0,19097665536.0,0.0,0.0,743744785.0666667,743686144.0,1750858.5366176441,604160.0,1292724019.1999998,1292652544.0,2033639.228008382,866304.0
60,20,8966932.983606558,9022464.0,104800.85021704926,20480.0,0.0,0.0,0.0,0.0,20023128.13114754,20013056.0,250045.7023462894,188416.0,0.0,0.0,0.0,0.0,441794560.0,441794560.0,0.0,0.0,4962236.852459016,4963328.0,1811.3404413680823,0.0,0.0,0.0,0.0,0.0,13500416.0,13500416.0,0.0,0.0,0.0,0.0,0.0,0.0,353468416.0,353468416.0,0.0,0.0,344209072.26229507,344209408.0,787.0226998344108,1024.0,0.0,0.0,0.0,0.0,2187112448.0,2187112448.0,0.0,0.0,0.0,0.0,0.0,0.0,19154460672.0,19154460672.0,0.0,0.0,340292255.47540987,340293632.0,3155.5444939902063,1024.0,0.0,0.0,0.0,0.0,2172919808.0,2172919808.0,0.0,0.0,0.0,0.0,0.0,0.0,18578837504.0,18578837504.0,0.0,0.0,8943666.360655738,9069568.0,273044.71973006136,131072.0,0.0,0.0,0.0,0.0,18643783.344262294,18800640.0,311848.2404462617,131072.0,0.0,0.0,0.0,0.0,442183680.0,442183680.0,0.0,0.0,210250835.93442622,210485248.0,1847165.2735541188,1499136.0,1104611965.9016395,1104617472.0,105007.05414680557,65536.0,86897647.21311475,87134208.0,1310543.2746433713,1040384.0,672795396.1967213,672792576.0,85174.94196276659,81920.0,22872836.196721315,23055360.0,379656.9103884787,151552.0,0.0,0.0,0.0,0.0,52167327.475409836,52314112.0,561893.9427925511,319488.0,0.0,0.0,0.0,0.0,1237446656.0,1237446656.0,0.0,0.0,684501327.737705,684503040.0,3942.567193824617,2048.0,0.0,0.0,0.0,0.0,4360032256.0,4360032256.0,0.0,0.0,0.0,0.0,0.0,0.0,37733298176.0,37733298176.0,0.0,0.0,759693043.409836,759926784.0,1395718.216606138,1122304.0,1314862801.8360658,1315102720.0,1952172.3277009244,1564672.0
60,30,9084911.213114753,9145344.0,118311.44502500097,16384.0,0.0,0.0,0.0,0.0,20311929.704918034,20344832.0,215394.00249212634,147456.0,0.0,0.0,0.0,0.0,441794560.0,441794560.0,0.0,0.0,4875264.0,4875264.0,0.0,0.0,0.0,0.0,0.0,0.0,13369344.0,13369344.0,0.0,0.0,0.0,0.0,0.0,0.0,353468416.0,353468416.0,0.0,0.0,571139256.6557378,571139072.0,2316.3549734100625,1024.0,0.0,0.0,0.0,0.0,3417448448.0,3417448448.0,0.0,0.0,0.0,0.0,0.0,0.0,30590840832.0,30590840832.0,0.0,0.0,564056567.6065574,564056064.0,1234.800648940124,1024.0,0.0,0.0,0.0,0.0,3393490944.0,3393490944.0,0.0,0.0,0.0,0.0,0.0,0.0,26909634560.0,26909634560.0,0.0,0.0,8909018.229508197,9085952.0,249504.14497935653,0.0,0.0,0.0,0.0,0.0,18505929.442622952,18718720.0,346056.9995423936,0.0,0.0,0.0,0.0,0.0,442183680.0,442183680.0,0.0,0.0,221609715.40983605,222171136.0,2091173.1933055934,1265664.0,1204981222.819672,1204928512.0,104907.38927223832,0.0,92810659.67213115,93376512.0,1370733.9806217288,593920.0,768741510.295082,768716800.0,52379.53532419071,0.0,22869193.442622952,23106560.0,367815.5900043575,16384.0,0.0,0.0,0.0,0.0,52187203.14754099,52432896.0,561451.0020345199,147456.0,0.0,0.0,0.0,0.0,1237446656.0,1237446656.0,0.0,0.0,1135195824.2622952,1135195136.0,3551.1556223501866,2048.0,0.0,0.0,0.0,0.0,6810939392.0,6810939392.0,0.0,0.0,0.0,0.0,0.0,0.0,57500475392.0,57500475392.0,0.0,0.0,861552169.9672132,862093312.0,1423113.5159459196,593920.0,1426590938.2295082,1427099648.0,2196080.5825778316,1265664.0
60,40,8996971.789473685,9019392.0,49164.8304056063,4096.0,0.0,0.0,0.0,0.0,20263415.01754386,20242432.0,209981.8164866128,131072.0,0.0,0.0,0.0,0.0,441794560.0,441794560.0,0.0,0.0,5070848.0,5070848.0,0.0,0.0,0.0,0.0,0.0,0.0,13631488.0,13631488.0,0.0,0.0,0.0,0.0,0.0,0.0,353468416.0,353468416.0,0.0,0.0,859120460.3508772,859120640.0,1887.3970406282913,2048.0,0.0,0.0,0.0,0.0,4775747584.0,4775747584.0,0.0,0.0,0.0,0.0,0.0,0.0,40814600192.0,40814600192.0,0.0,0.0,850115619.9298246,850115584.0,1367.8973418515777,1024.0,0.0,0.0,0.0,0.0,4746289152.0,4746289152.0,0.0,0.0,0.0,0.0,0.0,0.0,36980465664.0,36980465664.0,0.0,0.0,8988833.684210526,9198592.0,265821.8986603597,0.0,0.0,0.0,0.0,0.0,18801286.736842107,18911232.0,331510.22195932176,299008.0,0.0,0.0,0.0,0.0,442183680.0,442183680.0,0.0,0.0,227667162.2295082,228257792.0,2933020.5723522203,2330624.0,1381037643.5409837,1381023744.0,55923.4201057046,0.0,91175952.78688525,91774976.0,1938999.0793656155,1601536.0,938762911.4754099,938758144.0,17348.551916136556,0.0,23056653.47368421,23288832.0,314986.729065966,4096.0,0.0,0.0,0.0,0.0,52696189.75438596,52785152.0,541492.0384459345,430080.0,0.0,0.0,0.0,0.0,1237446656.0,1237446656.0,0.0,0.0,1709236080.2807016,1709236224.0,3255.294382479869,3072.0,0.0,0.0,0.0,0.0,9522036736.0,9522036736.0,0.0,0.0,0.0,0.0,0.0,0.0,77795065856.0,77795065856.0,0.0,0.0,1029938864.2622951,1030533120.0,1956347.6312817521,1601536.0,1608704805.7704918,1609281536.0,2988943.992457925,2330624.0
70,0,8337646.933333334,8339456.0,105302.15705709373,98304.0,0.0,0.0,0.0,0.0,17618944.0,17588224.0,90123.04400735997,0.0,0.0,0.0,0.0,0.0,441794560.0,441794560.0,0.0,0.0,5905425.066666666,5905408.0,1123.1872003391286,1024.0,0.0,0.0,0.0,0.0,13500416.0,13500416.0,0.0,0.0,0.0,0.0,0.0,0.0,219250688.0,219250688.0,0.0,0.0,0.0,0.0,0.0,0.0,0.0,0.0,0.0,0.0,0.0,0.0,0.0,0.0,0.0,0.0,0.0,0.0,0.0,0.0,0.0,0.0,0.0,0.0,0.0,0.0,0.0,0.0,0.0,0.0,0.0,0.0,0.0,0.0,0.0,0.0,0.0,0.0,0.0,0.0,0.0,0.0,9557350.4,9652736.0,265286.575309732,122368.0,0.0,0.0,0.0,0.0,18353083.733333334,18403328.0,308187.3466278053,262144.0,0.0,0.0,0.0,0.0,442183680.0,442183680.0,0.0,0.0,200381508.26666668,201134080.0,1732428.17281584,65536.0,962924202.6666666,962899968.0,83580.7612042402,4096.0,82219758.93333334,82966528.0,1716811.431599811,67584.0,535202201.6,535195648.0,19826.716865578033,0.0,23800422.4,23897600.0,371711.91956716485,221696.0,0.0,0.0,0.0,0.0,49472443.733333334,49491968.0,398310.39063516527,262144.0,0.0,0.0,0.0,0.0,1103228928.0,1103228928.0,0.0,0.0,0.0,0.0,0.0,0.0,0.0,0.0,0.0,0.0,0.0,0.0,0.0,0.0,0.0,0.0,0.0,0.0,0.0,0.0,0.0,0.0,617421960.5333333,618162176.0,1736638.148465389,67584.0,1163305710.9333334,1164034048.0,1816008.9340200801,69632.0
70,10,9086498.133333333,9106432.0,105399.51266980683,57344.0,0.0,0.0,0.0,0.0,20189184.0,20150272.0,210354.92934803537,133120.0,0.0,0.0,0.0,0.0,441794560.0,441794560.0,0.0,0.0,4891716.266666667,4891648.0,257.58604727626926,0.0,0.0,0.0,0.0,0.0,13500416.0,13500416.0,0.0,0.0,0.0,0.0,0.0,0.0,353468416.0,353468416.0,0.0,0.0,177397350.4,177396736.0,1335.7980563908704,1024.0,0.0,0.0,0.0,0.0,1087647744.0,1087647744.0,0.0,0.0,0.0,0.0,0.0,0.0,9324044288.0,9324044288.0,0.0,0.0,174760925.86666667,174759936.0,5940.955283187725,6144.0,0.0,0.0,0.0,0.0,1081479168.0,1081479168.0,0.0,0.0,0.0,0.0,0.0,0.0,9572278272.0,9572278272.0,0.0,0.0,9082811.733333332,9212928.0,224613.16588710021,1024.0,0.0,0.0,0.0,0.0,18746299.733333334,18862080.0,196187.92335591748,0.0,0.0,0.0,0.0,0.0,442183680.0,442183680.0,0.0,0.0,205803588.26666668,205639680.0,2169499.4030772955,698368.0,1090182075.7333333,1090160640.0,86353.75002502966,61440.0,85735219.2,85585920.0,1928784.2164184607,385024.0,660893900.8,660873216.0,62690.440132123185,57344.0,23061026.133333333,23211008.0,330270.2646041833,58368.0,0.0,0.0,0.0,0.0,52435899.733333334,52512768.0,406542.8527039528,133120.0,0.0,0.0,0.0,0.0,1237446656.0,1237446656.0,0.0,0.0,352158276.26666665,352156672.0,7276.753339578596,7168.0,0.0,0.0,0.0,0.0,2169126912.0,2169126912.0,0.0,0.0,0.0,0.0,0.0,0.0,18896322560.0,18896322560.0,0.0,0.0,746629120.0,746459136.0,1991474.656550584,442368.0,1295985664.0,1295800320.0,2255853.1531023253,759808.0
70,20,9953314.133333333,10022400.0,105446.63145080027,12800.0,0.0,0.0,0.0,0.0,20983466.666666668,20969472.0,186857.0118822998,122880.0,0.0,0.0,0.0,0.0,442653559.46666664,442654720.0,3207.6592630799487,4096.0,4922094.933333334,4922368.0,1030.344189105077,0.0,0.0,0.0,0.0,0.0,13369344.0,13369344.0,0.0,0.0,0.0,0.0,0.0,0.0,353468416.0,353468416.0,0.0,0.0,343960695.46666664,343961600.0,1223.1705324330003,1024.0,0.0,0.0,0.0,0.0,2187599872.0,2187599872.0,0.0,0.0,0.0,0.0,0.0,0.0,19221553152.0,19221553152.0,0.0,0.0,340053998.93333334,340054016.0,742.0582887851884,0.0,0.0,0.0,0.0,0.0,2172424192.0,2172424192.0,0.0,0.0,0.0,0.0,0.0,0.0,18578837504.0,18578837504.0,0.0,0.0,8837802.666666666,9006080.0,238968.25752832595,77824.0,0.0,0.0,0.0,0.0,18376021.333333332,18534400.0,237017.55830393996,131072.0,0.0,0.0,0.0,0.0,442183680.0,442183680.0,0.0,0.0,212317457.06666666,211900416.0,2393243.257900068,2306048.0,1105514905.6,1105502208.0,59182.52152056554,16384.0,88550946.13333334,88143872.0,1885381.9279985619,1648640.0,673413666.1333333,673413120.0,27564.286237421984,14336.0,23713211.733333334,23950848.0,345445.2331682313,90624.0,0.0,0.0,0.0,0.0,52728832.0,52873216.0,423874.5701862398,253952.0,0.0,0.0,0.0,0.0,1238305655.4666667,1238306816.0,3207.6592630799487,4096.0,684014694.4,684015616.0,1965.2288212181888,1024.0,0.0,0.0,0.0,0.0,4360024064.0,4360024064.0,0.0,0.0,0.0,0.0,0.0,0.0,37800390656.0,37800390656.0,0.0,0.0,761964612.2666667,761556992.0,1912946.2142359838,1662976.0,1317832362.6666665,1317402624.0,2452425.779420634,2322432.0
70,30,8993655.466666667,9027584.0,73751.49104737297,8192.0,0.0,0.0,0.0,0.0,20186999.466666665,20176896.0,192659.60423850626,133120.0,0.0,0.0,0.0,0.0,441794560.0,441794560.0,0.0,0.0,4978278.4,4978688.0,1239.1698040986273,0.0,0.0,0.0,0.0,0.0,13369344.0,13369344.0,0.0,0.0,0.0,0.0,0.0,0.0,353468416.0,353468416.0,0.0,0.0,571443063.4666667,571443200.0,893.6310895967002,1024.0,0.0,0.0,0.0,0.0,3416305664.0,3416305664.0,0.0,0.0,0.0,0.0,0.0,0.0,30926405632.0,30926405632.0,0.0,0.0,563759240.5333333,563760128.0,1548.5797480782812,1024.0,0.0,0.0,0.0,0.0,3395952640.0,3395952640.0,0.0,0.0,0.0,0.0,0.0,0.0,26909622272.0,26909622272.0,0.0,0.0,8813704.533333333,8781824.0,208423.91837428446,229376.0,0.0,0.0,0.0,0.0,18221124.266666666,18202624.0,228709.9184406921,131072.0,0.0,0.0,0.0,0.0,442183680.0,442183680.0,0.0,0.0,218218837.33333334,217702400.0,5015665.21505633,5287936.0,1205588309.3333333,1205559296.0,55623.72021598939,0.0,88890299.73333333,88381440.0,4274153.944797305,4485120.0,768943035.7333333,768929792.0,25433.093507306825,0.0,22785638.4,22788096.0,283414.57922575605,237568.0,0.0,0.0,0.0,0.0,51777467.733333334,51748864.0,421369.52267919836,264192.0,0.0,0.0,0.0,0.0,1237446656.0,1237446656.0,0.0,0.0,1135202304.0,1135203328.0,2442.2108376749816,2048.0,0.0,0.0,0.0,0.0,6812258304.0,6812258304.0,0.0,0.0,0.0,0.0,0.0,0.0,57836027904.0,57836027904.0,0.0,0.0,857833335.4666667,857311232.0,4299587.038304612,4485120.0,1423807146.6666665,1423261696.0,5071288.935272319,5287936.0
70,40,9066788.57142857,9092096.0,57805.50763028386,8192.0,0.0,0.0,0.0,0.0,20247332.57142857,20303872.0,234193.29691819314,200704.0,0.0,0.0,0.0,0.0,441794560.0,441794560.0,0.0,0.0,5003190.857142857,5003264.0,266.10697975687276,0.0,0.0,0.0,0.0,0.0,13500416.0,13500416.0,0.0,0.0,0.0,0.0,0.0,0.0,353468416.0,353468416.0,0.0,0.0,860917833.1428572,860918784.0,2342.0670546147235,1024.0,0.0,0.0,0.0,0.0,4778086400.0,4778086400.0,0.0,0.0,0.0,0.0,0.0,0.0,41822343168.0,41822343168.0,0.0,0.0,849231835.4285715,849231872.0,894.07436862007,1024.0,0.0,0.0,0.0,0.0,4746915840.0,4746915840.0,0.0,0.0,0.0,0.0,0.0,0.0,36712030208.0,36712030208.0,0.0,0.0,9079369.142857144,9214976.0,222980.15866818355,0.0,0.0,0.0,0.0,0.0,18950656.0,18960384.0,213490.61636709003,155648.0,0.0,0.0,0.0,0.0,442183680.0,442183680.0,0.0,0.0,229202261.33333334,229926912.0,3297441.8517738543,2621440.0,1381684974.9333334,1381662720.0,59773.760627793046,0.0,91849864.53333333,92602368.0,2333232.0422771056,1847296.0,938833100.8,938831872.0,1892.863142061853,0.0,23149348.571428575,23310336.0,281051.7732782243,8192.0,0.0,0.0,0.0,0.0,52698404.57142857,52764672.0,447683.91328528314,356352.0,0.0,0.0,0.0,0.0,1237446656.0,1237446656.0,0.0,0.0,1710149668.5714288,1710150656.0,3236.1414232347934,2048.0,0.0,0.0,0.0,0.0,9525002240.0,9525002240.0,0.0,0.0,0.0,0.0,0.0,0.0,78534373376.0,78534373376.0,0.0,0.0,1030682965.3333333,1031434240.0,2335124.9054191676,1847296.0,1610887236.2666667,1611589632.0,3357215.6124016475,2621440.0
80,0,8258425.7049180325,8263680.0,107289.51149597432,106496.0,0.0,0.0,0.0,0.0,17460442.229508195,17534976.0,173738.04114244273,131072.0,0.0,0.0,0.0,0.0,441794560.0,441794560.0,0.0,0.0,5895470.163934426,5895168.0,1757.229573128564,2048.0,0.0,0.0,0.0,0.0,13369344.0,13369344.0,0.0,0.0,0.0,0.0,0.0,0.0,219250688.0,219250688.0,0.0,0.0,0.0,0.0,0.0,0.0,0.0,0.0,0.0,0.0,0.0,0.0,0.0,0.0,0.0,0.0,0.0,0.0,0.0,0.0,0.0,0.0,0.0,0.0,0.0,0.0,0.0,0.0,0.0,0.0,0.0,0.0,0.0,0.0,0.0,0.0,0.0,0.0,0.0,0.0,0.0,0.0,9534799.737704918,9521152.0,168014.1056806344,17408.0,0.0,0.0,0.0,0.0,18090353.31147541,18038784.0,162794.53459903997,0.0,0.0,0.0,0.0,0.0,442183680.0,442183680.0,0.0,0.0,200960235.01639345,201314304.0,1739506.2312615276,1040384.0,963038896.2622951,962994176.0,132327.41726867008,4096.0,82795133.90163934,83173376.0,1726048.743811616,1024000.0,535268503.08196723,535265280.0,27872.01600069808,0.0,23688695.606557377,23680000.0,277060.8467497373,125952.0,0.0,0.0,0.0,0.0,48920139.5409836,48943104.0,336532.57574148267,131072.0,0.0,0.0,0.0,0.0,1103228928.0,1103228928.0,0.0,0.0,0.0,0.0,0.0,0.0,0.0,0.0,0.0,0.0,0.0,0.0,0.0,0.0,0.0,0.0,0.0,0.0,0.0,0.0,0.0,0.0,618063636.9836066,618438656.0,1753920.759812314,1024000.0,1163999131.2786887,1164308480.0,1871833.6485301978,1044480.0
80,10,9244552.533333333,9255424.0,85598.8784196019,47104.0,0.0,0.0,0.0,0.0,20377053.866666667,20357120.0,233875.9726790935,182272.0,0.0,0.0,0.0,0.0,441794560.0,441794560.0,0.0,0.0,4979165.866666666,4978688.0,1326.0053361176303,0.0,0.0,0.0,0.0,0.0,13369344.0,13369344.0,0.0,0.0,0.0,0.0,0.0,0.0,353468416.0,353468416.0,0.0,0.0,177394858.66666666,177394688.0,1462.402512082304,1024.0,0.0,0.0,0.0,0.0,1087778816.0,1087778816.0,0.0,0.0,0.0,0.0,0.0,0.0,9324044288.0,9324044288.0,0.0,0.0,174884932.26666668,174884864.0,840.3330628370962,1024.0,0.0,0.0,0.0,0.0,1080037376.0,1080037376.0,0.0,0.0,0.0,0.0,0.0,0.0,10042187776.0,10042187776.0,0.0,0.0,8986897.066666666,9110528.0,252354.13712075655,63488.0,0.0,0.0,0.0,0.0,18577544.533333335,18706432.0,254812.1440604036,65536.0,0.0,0.0,0.0,0.0,442183680.0,442183680.0,0.0,0.0,207590877.86666667,208834560.0,3283629.5552313547,2158592.0,1090735991.4666667,1090740224.0,69314.65018121805,53248.0,87312315.73333333,88573952.0,3005191.8287019567,1693696.0,661319065.6,661327872.0,59946.951659454855,49152.0,23210615.466666665,23344640.0,339279.0208764761,110592.0,0.0,0.0,0.0,0.0,52323942.400000006,52432896.0,488688.1167394971,247808.0,0.0,0.0,0.0,0.0,1237446656.0,1237446656.0,0.0,0.0,352279790.93333334,352279552.0,2302.7355749194003,2048.0,0.0,0.0,0.0,0.0,2167816192.0,2167816192.0,0.0,0.0,0.0,0.0,0.0,0.0,19366232064.0,19366232064.0,0.0,0.0,748631381.3333334,749901824.0,3065138.7803614116,1742848.0,1298326869.3333335,1299574784.0,3352944.2054125727,2211840.0
80,20,9058304.0,9086976.0,87321.83284954222,30720.0,0.0,0.0,0.0,0.0,20195601.066666666,20246528.0,231744.46863805503,210944.0,0.0,0.0,0.0,0.0,441794560.0,441794560.0,0.0,0.0,4883797.333333333,4884480.0,2018.8662254241096,0.0,0.0,0.0,0.0,0.0,13500416.0,13500416.0,0.0,0.0,0.0,0.0,0.0,0.0,353468416.0,353468416.0,0.0,0.0,345187959.46666664,345187328.0,1687.2623445122692,1024.0,0.0,0.0,0.0,0.0,2188165120.0,2188165120.0,0.0,0.0,0.0,0.0,0.0,0.0,20026703872.0,20026703872.0,0.0,0.0,340137454.93333334,340136960.0,1123.1872003391288,1024.0,0.0,0.0,0.0,0.0,2171215872.0,2171215872.0,0.0,0.0,0.0,0.0,0.0,0.0,18847277056.0,18847277056.0,0.0,0.0,8921429.333333334,9009152.0,284778.77930717304,159744.0,0.0,0.0,0.0,0.0,18528119.466666665,18677760.0,351882.4206392882,131072.0,0.0,0.0,0.0,0.0,442183680.0,442183680.0,0.0,0.0,211498734.93333334,211062784.0,2378836.965346493,2121728.0,1149759624.5333333,1149747200.0,90225.42589207129,61440.0,87336891.73333333,86906880.0,1863958.740856219,1458176.0,717270016.0,717252608.0,59622.565902062306,43008.0,22863530.666666664,22980608.0,374119.47838213935,190464.0,0.0,0.0,0.0,0.0,52224136.53333333,52424704.0,583626.8892773432,342016.0,0.0,0.0,0.0,0.0,1237446656.0,1237446656.0,0.0,0.0,685325414.4,685324288.0,2810.449544851398,2048.0,0.0,0.0,0.0,0.0,4359380992.0,4359380992.0,0.0,0.0,0.0,0.0,0.0,0.0,38873980928.0,38873980928.0,0.0,0.0,804606907.7333333,804159488.0,1923581.3067582813,1501184.0,1361258359.4666667,1360809984.0,2469062.391238564,2183168.0
80,30,9047756.8,9088000.0,72284.48726393629,8192.0,0.0,0.0,0.0,0.0,20045550.933333334,20103168.0,222845.04663911357,139264.0,0.0,0.0,0.0,0.0,441794560.0,441794560.0,0.0,0.0,4955153.066666666,4955136.0,132.1978315505465,0.0,0.0,0.0,0.0,0.0,13500416.0,13500416.0,0.0,0.0,0.0,0.0,0.0,0.0,353468416.0,353468416.0,0.0,0.0,570442973.8666667,570443264.0,944.3950528349931,512.0,0.0,0.0,0.0,0.0,3413917696.0,3413917696.0,0.0,0.0,0.0,0.0,0.0,0.0,30590693376.0,30590693376.0,0.0,0.0,563764394.6666666,563764224.0,1729.6531117555478,1024.0,0.0,0.0,0.0,0.0,3394768896.0,3394768896.0,0.0,0.0,0.0,0.0,0.0,0.0,27312283648.0,27312283648.0,0.0,0.0,8975291.733333332,9038848.0,221445.45935989323,131072.0,0.0,0.0,0.0,0.0,18687863.466666665,18714624.0,221771.35055387657,131072.0,0.0,0.0,0.0,0.0,442183680.0,442183680.0,0.0,0.0,219964142.93333334,219881472.0,3138541.4399510208,2504704.0,1298125619.2,1298063360.0,134065.9816076916,0.0,90029397.33333333,89956352.0,2392400.891376047,1802240.0,860839799.4666667,860823552.0,44850.20407015405,0.0,22978201.6,23081984.0,293862.14445538004,139264.0,0.0,0.0,0.0,0.0,52233830.4,52318208.0,444616.3971929902,270336.0,0.0,0.0,0.0,0.0,1237446656.0,1237446656.0,0.0,0.0,1134207368.5333333,1134207488.0,2674.048164590541,1536.0,0.0,0.0,0.0,0.0,6808686592.0,6808686592.0,0.0,0.0,0.0,0.0,0.0,0.0,57902977024.0,57902977024.0,0.0,0.0,950869196.8000001,950779904.0,2437251.095446201,1802240.0,1518089762.1333334,1517944832.0,3272607.421558712,2504704.0
80,40,9162459.42857143,9181184.0,39231.95322130217,4096.0,0.0,0.0,0.0,0.0,20425947.42857143,20400128.0,204891.46134343752,137216.0,0.0,0.0,0.0,0.0,441794560.0,441794560.0,0.0,0.0,4985856.0,4985856.0,0.0,0.0,0.0,0.0,0.0,0.0,13500416.0,13500416.0,0.0,0.0,0.0,0.0,0.0,0.0,353468416.0,353468416.0,0.0,0.0,862221696.0,862221312.0,634.6246994018662,1024.0,0.0,0.0,0.0,0.0,4776927232.0,4776927232.0,0.0,0.0,0.0,0.0,0.0,0.0,41083056128.0,41083056128.0,0.0,0.0,853155949.7142857,853155840.0,1807.4642580576372,1024.0,0.0,0.0,0.0,0.0,4749926400.0,4749926400.0,0.0,0.0,0.0,0.0,0.0,0.0,38054219776.0,38054219776.0,0.0,0.0,8949540.57142857,9153536.0,269842.92412013304,0.0,0.0,0.0,0.0,0.0,18372169.14285714,18567168.0,237178.21171089733,0.0,0.0,0.0,0.0,0.0,442183680.0,442183680.0,0.0,0.0,231184148.98360655,232509440.0,3335435.1577928104,2035712.0,1382370790.819672,1382330368.0,85871.13776147531,0.0,93003507.40983607,94334976.0,2401653.0643768776,987136.0,938949111.6065574,938930176.0,52879.999484139786,0.0,23097856.0,23320576.0,309074.87734143523,4096.0,0.0,0.0,0.0,0.0,52298532.571428575,52467712.0,442069.6730543348,137216.0,0.0,0.0,0.0,0.0,1237446656.0,1237446656.0,0.0,0.0,1715377645.7142859,1715377152.0,2442.0889574595035,2048.0,0.0,0.0,0.0,0.0,9526853632.0,9526853632.0,0.0,0.0,0.0,0.0,0.0,0.0,79137275904.0,79137275904.0,0.0,0.0,1031952619.0163934,1033265152.0,2454533.0638610176,987136.0,1613554939.8032787,1614839808.0,3421306.295554286,2035712.0
90,0,8346845.866666666,8357888.0,104608.17991146151,107520.0,0.0,0.0,0.0,0.0,17372364.8,17346560.0,144414.92963583107,0.0,0.0,0.0,0.0,0.0,441794560.0,441794560.0,0.0,0.0,5799406.933333334,5798912.0,1123.1872003391284,0.0,0.0,0.0,0.0,0.0,13500416.0,13500416.0,0.0,0.0,0.0,0.0,0.0,0.0,219250688.0,219250688.0,0.0,0.0,0.0,0.0,0.0,0.0,0.0,0.0,0.0,0.0,0.0,0.0,0.0,0.0,0.0,0.0,0.0,0.0,0.0,0.0,0.0,0.0,0.0,0.0,0.0,0.0,0.0,0.0,0.0,0.0,0.0,0.0,0.0,0.0,0.0,0.0,0.0,0.0,0.0,0.0,0.0,0.0,9651780.266666668,9803776.0,272445.676174347,4096.0,0.0,0.0,0.0,0.0,18564437.333333332,18739200.0,298174.86406871304,0.0,0.0,0.0,0.0,0.0,442183680.0,442183680.0,0.0,0.0,200375432.53333333,201070592.0,1386390.7255663008,288768.0,963082308.2666667,963063808.0,103603.65257056133,0.0,82194432.0,82917376.0,1364140.7144682568,256000.0,535334912.0,535334912.0,29555.924454716034,0.0,23798033.06666667,23960576.0,378177.04328614764,111616.0,0.0,0.0,0.0,0.0,49437218.13333333,49586176.0,442589.7937045441,0.0,0.0,0.0,0.0,0.0,1103228928.0,1103228928.0,0.0,0.0,0.0,0.0,0.0,0.0,0.0,0.0,0.0,0.0,0.0,0.0,0.0,0.0,0.0,0.0,0.0,0.0,0.0,0.0,0.0,0.0,617529344.0,618252288.0,1393696.6389229728,256000.0,1163457740.8,1164134400.0,1489994.378136862,288768.0
90,10,9052529.31147541,9082880.0,102567.46332886483,53248.0,0.0,0.0,0.0,0.0,20264657.836065575,20324352.0,252814.75038989718,176128.0,0.0,0.0,0.0,0.0,441794560.0,441794560.0,0.0,0.0,4936385.049180328,4936704.0,805.0182280799509,0.0,0.0,0.0,0.0,0.0,13369344.0,13369344.0,0.0,0.0,0.0,0.0,0.0,0.0,353468416.0,353468416.0,0.0,0.0,177668465.3114754,177668096.0,2962.1329901552567,2048.0,0.0,0.0,0.0,0.0,1087938560.0,1087938560.0,0.0,0.0,0.0,0.0,0.0,0.0,9324027904.0,9324027904.0,0.0,0.0,174460810.4918033,174459904.0,1641.5794287103583,2048.0,0.0,0.0,0.0,0.0,1080303616.0,1080303616.0,0.0,0.0,0.0,0.0,0.0,0.0,9505296384.0,9505296384.0,0.0,0.0,8896881.31147541,9140224.0,278411.8994283794,0.0,0.0,0.0,0.0,0.0,18474168.655737706,18710528.0,282205.5264445214,0.0,0.0,0.0,0.0,0.0,442183680.0,442183680.0,0.0,0.0,206420068.72131148,206647296.0,1329214.291938313,978944.0,1091244636.327869,1091248128.0,84271.60763877738,45056.0,85934818.62295082,86167552.0,1044464.0731840447,561152.0,661680396.590164,661676032.0,55560.18719352226,53248.0,22885795.672131144,23159808.0,381784.38098532415,53248.0,0.0,0.0,0.0,0.0,52108170.49180328,52404224.0,535020.2768344185,176128.0,0.0,0.0,0.0,0.0,1237446656.0,1237446656.0,0.0,0.0,352129275.8032787,352128000.0,4603.712418865615,4096.0,0.0,0.0,0.0,0.0,2168242176.0,2168242176.0,0.0,0.0,0.0,0.0,0.0,0.0,18829324288.0,18829324288.0,0.0,0.0,747615215.2131147,747843584.0,1100024.260377567,614400.0,1297664705.0491805,1297895424.0,1413485.8995770905,1024000.0
90,20,9035238.819672132,9098240.0,127239.38021717283,16384.0,0.0,0.0,0.0,0.0,20212954.229508195,20189184.0,280387.89932665264,122880.0,0.0,0.0,0.0,0.0,441794560.0,441794560.0,0.0,0.0,4897338.75409836,4897792.0,1855.7165790761055,0.0,0.0,0.0,0.0,0.0,13500416.0,13500416.0,0.0,0.0,0.0,0.0,0.0,0.0,353468416.0,353468416.0,0.0,0.0,344013421.1147541,344013824.0,1011.6147174749988,0.0,0.0,0.0,0.0,0.0,2186661888.0,2186661888.0,0.0,0.0,0.0,0.0,0.0,0.0,19691184128.0,19691184128.0,0.0,0.0,339944666.2295082,339944448.0,1198.7763816136662,1024.0,0.0,0.0,0.0,0.0,2172157952.0,2172157952.0,0.0,0.0,0.0,0.0,0.0,0.0,18041962496.0,18041962496.0,0.0,0.0,8897838.163934426,8895488.0,161438.9769402235,126976.0,0.0,0.0,0.0,0.0,18634651.278688524,18751488.0,179937.68334844252,0.0,0.0,0.0,0.0,0.0,442183680.0,442183680.0,0.0,0.0,212877647.73770493,213725184.0,2373652.8268472473,1433600.0,1150288274.8852458,1150271488.0,48214.08378544536,16384.0,88315467.5409836,89108480.0,1873018.7794823055,987136.0,717533385.4426229,717524992.0,27112.366654674133,16384.0,22830415.737704918,22891520.0,290534.07373647246,143360.0,0.0,0.0,0.0,0.0,52348021.50819671,52441088.0,460325.5826750952,122880.0,0.0,0.0,0.0,0.0,1237446656.0,1237446656.0,0.0,0.0,683958087.3442624,683958272.0,2210.391099088665,1024.0,0.0,0.0,0.0,0.0,4358819840.0,4358819840.0,0.0,0.0,0.0,0.0,0.0,0.0,37733146624.0,37733146624.0,0.0,0.0,805848852.9836065,806633472.0,1900131.1461369796,1003520.0,1363165922.6229508,1363996672.0,2421866.9106326927,1449984.0
90,30,8958002.360655738,8993792.0,82792.24728077558,20480.0,0.0,0.0,0.0,0.0,20135600.262295082,20107264.0,272821.78169138805,135168.0,0.0,0.0,0.0,0.0,441794560.0,441794560.0,0.0,0.0,4904607.4754098365,4908032.0,7022.393722007137,0.0,0.0,0.0,0.0,0.0,13474631.344262294,13500416.0,52536.12621263114,0.0,0.0,0.0,0.0,0.0,353468416.0,353468416.0,0.0,0.0,571379560.9180328,571378688.0,2422.0436983057784,2048.0,0.0,0.0,0.0,0.0,3418132480.0,3418132480.0,0.0,0.0,0.0,0.0,0.0,0.0,31127580672.0,31127580672.0,0.0,0.0,562879303.3442622,562878464.0,1466.2425775344486,0.0,0.0,0.0,0.0,0.0,3393331200.0,3393331200.0,0.0,0.0,0.0,0.0,0.0,0.0,26909626368.0,26909626368.0,0.0,0.0,8985600.0,9022464.0,221947.5216772349,135168.0,0.0,0.0,0.0,0.0,18645864.918032788,18739200.0,257245.01255510573,131072.0,0.0,0.0,0.0,0.0,442183680.0,442183680.0,0.0,0.0,221154925.1147541,220942336.0,2776601.200385837,2072576.0,1299490580.9836066,1299476480.0,48340.46255829299,0.0,90622321.31147541,90411008.0,2025253.435069461,1429504.0,861815186.8852459,861814784.0,1229.918616526593,0.0,22848209.836065575,22924288.0,311762.16268001765,155648.0,0.0,0.0,0.0,0.0,52256096.524590164,52346880.0,582602.920459125,266240.0,0.0,0.0,0.0,0.0,1237446656.0,1237446656.0,0.0,0.0,1134258864.262295,1134257152.0,3888.286275840227,2048.0,0.0,0.0,0.0,0.0,6811463680.0,6811463680.0,0.0,0.0,0.0,0.0,0.0,0.0,58037207040.0,58037207040.0,0.0,0.0,952437508.1967213,952225792.0,2026483.3536859874,1429504.0,1520645506.0983608,1520418816.0,2824941.6629441297,2072576.0
90,40,10002468.57142857,10009600.0,241029.51496059616,112640.0,0.0,0.0,0.0,0.0,21190582.85714286,21248000.0,346416.9095731814,202752.0,0.0,0.0,0.0,0.0,443581293.71428573,443584512.0,298649.92300574103,0.0,4970349.714285715,4973568.0,4037.0616754551284,0.0,0.0,0.0,0.0,0.0,13369344.0,13369344.0,0.0,0.0,0.0,0.0,0.0,0.0,353468416.0,353468416.0,0.0,0.0,858263204.5714285,858263552.0,1000.9669299258567,0.0,0.0,0.0,0.0,0.0,4775120896.0,4775120896.0,0.0,0.0,0.0,0.0,0.0,0.0,40547192832.0,40547192832.0,0.0,0.0,849690733.7142857,849691648.0,1099.0473513545633,0.0,0.0,0.0,0.0,0.0,4744818688.0,4744818688.0,0.0,0.0,0.0,0.0,0.0,0.0,37248901120.0,37248901120.0,0.0,0.0,8870601.142857144,9046016.0,239306.76407227368,37888.0,0.0,0.0,0.0,0.0,18680173.714285713,18718720.0,242509.83862101272,131072.0,0.0,0.0,0.0,0.0,442183680.0,442183680.0,0.0,0.0,230805981.86666667,230920192.0,3173830.727380141,3074048.0,1383033514.6666667,1382989824.0,119595.55997578213,28672.0,91823513.6,91934720.0,2207928.7347383047,2207744.0,939038446.9333333,938999808.0,70010.21696234145,4096.0,23843419.42857143,24029184.0,484373.340708325,150528.0,0.0,0.0,0.0,0.0,53240100.57142857,53336064.0,588926.7481941942,333824.0,0.0,0.0,0.0,0.0,1239233389.7142859,1239236608.0,298649.92300574103,0.0,1707953938.2857141,1707955200.0,2100.0142812804197,0.0,0.0,0.0,0.0,0.0,9519939584.0,9519939584.0,0.0,0.0,0.0,0.0,0.0,0.0,77796093952.0,77796093952.0,0.0,0.0,1030861960.5333333,1030934528.0,2277938.9517006464,2211840.0,1613839496.5333333,1613910016.0,3293426.287355923,3102720.0
100,0,8201779.2,8215552.0,103997.719205238,102400.0,0.0,0.0,0.0,0.0,17521049.6,17481728.0,147385.01643633583,131072.0,0.0,0.0,0.0,0.0,441794560.0,441794560.0,0.0,0.0,5809510.4,5809152.0,773.3328969412369,0.0,0.0,0.0,0.0,0.0,13500416.0,13500416.0,0.0,0.0,0.0,0.0,0.0,0.0,219250688.0,219250688.0,0.0,0.0,0.0,0.0,0.0,0.0,0.0,0.0,0.0,0.0,0.0,0.0,0.0,0.0,0.0,0.0,0.0,0.0,0.0,0.0,0.0,0.0,0.0,0.0,0.0,0.0,0.0,0.0,0.0,0.0,0.0,0.0,0.0,0.0,0.0,0.0,0.0,0.0,0.0,0.0,0.0,0.0,9649066.666666666,9681920.0,163583.17950688547,4096.0,0.0,0.0,0.0,0.0,18786850.133333333,18915328.0,245934.6157820129,0.0,0.0,0.0,0.0,0.0,442183680.0,442183680.0,0.0,0.0,200674986.66666666,201580544.0,1781298.3588466165,217088.0,963292569.6,963274752.0,53190.96188907234,2048.0,82473096.53333333,83410944.0,1786569.833678688,184320.0,535550361.6,535543808.0,19826.716865578033,0.0,23660356.266666666,23706624.0,268354.23160906474,106496.0,0.0,0.0,0.0,0.0,49808315.733333334,49897472.0,393319.63221834874,131072.0,0.0,0.0,0.0,0.0,1103228928.0,1103228928.0,0.0,0.0,0.0,0.0,0.0,0.0,0.0,0.0,0.0,0.0,0.0,0.0,0.0,0.0,0.0,0.0,0.0,0.0,0.0,0.0,0.0,0.0,618023458.1333333,618954752.0,1806396.550544266,184320.0,1163967556.2666667,1164855296.0,1834489.3207356888,219136.0
100,10,9070114.133333333,9091072.0,83293.80221830386,53248.0,0.0,0.0,0.0,0.0,20050397.866666667,20039680.0,211906.6137155438,155648.0,0.0,0.0,0.0,0.0,441794560.0,441794560.0,0.0,0.0,4931481.6,4931584.0,309.7924510246568,0.0,0.0,0.0,0.0,0.0,13500416.0,13500416.0,0.0,0.0,0.0,0.0,0.0,0.0,353468416.0,353468416.0,0.0,0.0,177973060.26666668,177973248.0,1582.915887640475,1024.0,0.0,0.0,0.0,0.0,1088688128.0,1088688128.0,0.0,0.0,0.0,0.0,0.0,0.0,9324036096.0,9324036096.0,0.0,0.0,175459225.6,175458304.0,2314.438125612378,1024.0,0.0,0.0,0.0,0.0,1081344000.0,1081344000.0,0.0,0.0,0.0,0.0,0.0,0.0,10108858368.0,10108858368.0,0.0,0.0,8957405.866666667,9020416.0,172500.94899895843,71680.0,0.0,0.0,0.0,0.0,18482449.066666666,18644992.0,256458.47105247228,0.0,0.0,0.0,0.0,0.0,442183680.0,442183680.0,0.0,0.0,206507895.46666667,207097856.0,1755123.4585896353,833536.0,1091812556.8,1091813376.0,130582.51652963946,83968.0,85810039.46666667,86286336.0,1486636.0018573555,661504.0,662104678.4,662118400.0,105314.11134367737,81920.0,22959001.6,23043072.0,256104.54366828693,124928.0,0.0,0.0,0.0,0.0,52033262.93333334,52185088.0,468365.08476801607,155648.0,0.0,0.0,0.0,0.0,1237446656.0,1237446656.0,0.0,0.0,353432285.8666667,353431552.0,3897.354013252853,2048.0,0.0,0.0,0.0,0.0,2170032128.0,2170032128.0,0.0,0.0,0.0,0.0,0.0,0.0,19432894464.0,19432894464.0,0.0,0.0,747914717.8666667,748404736.0,1591950.1132010329,743424.0,1298320452.2666667,1298911232.0,1885705.9751192748,917504.0
100,20,9083702.55737705,9139200.0,108015.54998679967,21504.0,0.0,0.0,0.0,0.0,20216311.606557377,20197376.0,282088.40445194236,208896.0,0.0,0.0,0.0,0.0,441794560.0,441794560.0,0.0,0.0,4966265.7049180325,4966400.0,1048.8781204102843,0.0,0.0,0.0,0.0,0.0,13369344.0,13369344.0,0.0,0.0,0.0,0.0,0.0,0.0,353468416.0,353468416.0,0.0,0.0,344012934.295082,344013824.0,5266.305698634993,2048.0,0.0,0.0,0.0,0.0,2187722752.0,2187722752.0,0.0,0.0,0.0,0.0,0.0,0.0,19221565440.0,19221565440.0,0.0,0.0,339835971.147541,339835904.0,1209.7199928918205,1024.0,0.0,0.0,0.0,0.0,2173603840.0,2173603840.0,0.0,0.0,0.0,0.0,0.0,0.0,18713059328.0,18713059328.0,0.0,0.0,8910394.754098361,9075712.0,249396.49284413602,8192.0,0.0,0.0,0.0,0.0,18487665.31147541,18722816.0,324467.1308203416,0.0,0.0,0.0,0.0,0.0,442183680.0,442183680.0,0.0,0.0,213852294.29508197,214200320.0,3340312.8176005282,2306048.0,1151026159.2131147,1151008768.0,75754.43107592557,24576.0,88993792.0,89329664.0,2862413.8277348136,1908736.0,717973940.4590164,717971456.0,38534.912351257866,20480.0,22960363.016393445,23181312.0,358460.920951346,29696.0,0.0,0.0,0.0,0.0,52073320.91803279,52289536.0,606555.535272284,208896.0,0.0,0.0,0.0,0.0,1237446656.0,1237446656.0,0.0,0.0,683848905.4426229,683849728.0,6476.025691526814,3072.0,0.0,0.0,0.0,0.0,4361326592.0,4361326592.0,0.0,0.0,0.0,0.0,0.0,0.0,37934624768.0,37934624768.0,0.0,0.0,806967732.4590164,807301120.0,2900948.740086071,1929216.0,1364878453.5081968,1365209088.0,3416067.2486764537,2330624.0
100,30,9155037.866666667,9200640.0,87552.6275855526,12288.0,0.0,0.0,0.0,0.0,20177032.533333335,20144128.0,227162.31294910848,135168.0,0.0,0.0,0.0,0.0,441794560.0,441794560.0,0.0,0.0,4978688.0,4978688.0,0.0,0.0,0.0,0.0,0.0,0.0,13238272.0,13238272.0,0.0,0.0,0.0,0.0,0.0,0.0,353468416.0,353468416.0,0.0,0.0,570021341.8666667,570021888.0,1391.4075237597146,1024.0,0.0,0.0,0.0,0.0,3414568960.0,3414568960.0,0.0,0.0,0.0,0.0,0.0,0.0,30188208128.0,30188208128.0,0.0,0.0,564207428.2666667,564207616.0,1243.3459213855124,1024.0,0.0,0.0,0.0,0.0,3394514944.0,3394514944.0,0.0,0.0,0.0,0.0,0.0,0.0,27178065920.0,27178065920.0,0.0,0.0,8936243.2,9134080.0,265142.7666184032,8192.0,0.0,0.0,0.0,0.0,18467225.6,18657280.0,247782.55288869853,0.0,0.0,0.0,0.0,0.0,442183680.0,442183680.0,0.0,0.0,221203729.06666666,220745728.0,2290796.6048026583,2000896.0,1299944448.0,1299935232.0,52343.82265918559,32768.0,89983044.26666667,89530368.0,1558835.9731290792,1617920.0,861844889.6,861822976.0,36603.31784683746,4096.0,23069969.066666666,23313408.0,352695.3942039558,20480.0,0.0,0.0,0.0,0.0,51882530.13333334,52039680.0,474944.865837807,135168.0,0.0,0.0,0.0,0.0,1237446656.0,1237446656.0,0.0,0.0,1134228770.1333332,1134229504.0,2634.753445145227,2048.0,0.0,0.0,0.0,0.0,6809083904.0,6809083904.0,0.0,0.0,0.0,0.0,0.0,0.0,57366274048.0,57366274048.0,0.0,0.0,951827933.8666667,951353344.0,1595439.2909759167,1622016.0,1521148177.0666666,1520680960.0,2343140.427461844,2033664.0
100,40,9066160.872727273,9093120.0,58304.10793324008,8192.0,0.0,0.0,0.0,0.0,20009555.78181818,20025344.0,214466.61647140392,155648.0,0.0,0.0,0.0,0.0,441794560.0,441794560.0,0.0,0.0,5045024.581818182,5045248.0,1656.9135819896633,0.0,0.0,0.0,0.0,0.0,13500416.0,13500416.0,0.0,0.0,0.0,0.0,0.0,0.0,353468416.0,353468416.0,0.0,0.0,860018036.3636364,860017664.0,1067.8813286065695,0.0,0.0,0.0,0.0,0.0,4776947712.0,4776947712.0,0.0,0.0,0.0,0.0,0.0,0.0,41083363328.0,41083363328.0,0.0,0.0,849085197.9636364,849085440.0,1576.103187584004,1024.0,0.0,0.0,0.0,0.0,4747169792.0,4747169792.0,0.0,0.0,0.0,0.0,0.0,0.0,37114679296.0,37114679296.0,0.0,0.0,8955643.345454546,9076736.0,275691.15443864313,122880.0,0.0,0.0,0.0,0.0,18688260.654545456,18743296.0,332879.88097834366,253952.0,0.0,0.0,0.0,0.0,442183680.0,442183680.0,0.0,0.0,232578867.2,232785920.0,3725456.6496791057,2910208.0,1383659997.8666666,1383600128.0,100198.06350838013,0.0,92794811.73333333,93009920.0,2781688.9368113223,2156544.0,939102344.5333333,939061248.0,71507.58874400618,0.0,23066828.8,23215104.0,335652.17595387285,131072.0,0.0,0.0,0.0,0.0,52198232.43636364,52269056.0,547346.4974497475,409600.0,0.0,0.0,0.0,0.0,1237446656.0,1237446656.0,0.0,0.0,1709103234.327273,1709103104.0,2643.9845161905732,1024.0,0.0,0.0,0.0,0.0,9524117504.0,9524117504.0,0.0,0.0,0.0,0.0,0.0,0.0,78198042624.0,78198042624.0,0.0,0.0,1031897156.2666667,1032071168.0,2853196.5255553285,2156544.0,1616238865.0666666,1616386048.0,3825654.713187486,2910208.0
